"Id","OwnerId","IsDeleted","Name","CreatedDate","CreatedById","LastModifiedDate","LastModifiedById","SystemModstamp","LastViewedDate","LastReferencedDate","nFORCE__App__c","nFORCE__lookupKey__c","nFORCE__Default_Collapse_Parent_Navigation__c","nFORCE__Is_Archived__c","nFORCE__Is_Questionnaire__c","nFORCE__Parent_Group__c","nFORCE__Screen__c","nFORCE__Taxonomy_Id__c","nFORCE__Category__c","nFORCE__Layout__c","nFORCE__Answer_Context__c","Description_Custom__c","nFORCE__Description__c","AutorabitExtId__c"
"a2BDR000001urjn2AA","0058c00000BxeO9AAJ","false","Reg O Loan Questionnaire","2024-08-26T17:18:22.000Z","0058c00000BxeO9AAJ","2025-08-05T11:19:06.000Z","0058c00000BxeO9AAJ","2025-08-05T11:19:06.000Z","","","Reg-O-Loan-Questionnaire","42403246748782453","false","false","true","","","","","","","","",""
"a2BDR000001urjo2AA","0058c00000BxeO9AAJ","false","Reg W","2024-08-26T17:18:22.000Z","0058c00000BxeO9AAJ","2025-08-05T11:19:06.000Z","0058c00000BxeO9AAJ","2025-08-05T11:19:06.000Z","","","Reg-W","42609568878702857","false","false","true","","","","","","","","",""
"a2BDR000001urjp2AA","0058c00000BxeO9AAJ","false","HVCRE","2024-08-26T17:18:22.000Z","0058c00000BxeO9AAJ","2025-08-05T11:19:06.000Z","0058c00000BxeO9AAJ","2025-08-05T11:19:06.000Z","","","HVCRE","42088290342052409","false","false","true","","","","","","","","",""
"a2BDR000001urjq2AA","0058c00000BxeO9AAJ","false","CRA","2024-08-26T17:18:22.000Z","0058c00000BxeO9AAJ","2025-08-05T11:19:06.000Z","0058c00000BxeO9AAJ","2025-08-05T11:19:06.000Z","","","CRA","42628075973481801","false","false","true","","","","","","","","",""
"a2BDR000001urjr2AA","0058c00000BxeO9AAJ","false","HMDA Questionnaire","2024-08-26T17:18:22.000Z","0058c00000BxeO9AAJ","2025-08-05T11:19:06.000Z","0058c00000BxeO9AAJ","2025-08-05T11:19:06.000Z","","","HMDA-questionnaire","42198546854157256","false","false","true","","","","","","","","",""
"a2BDR000001urjs2AA","0058c00000BxeO9AAJ","false","Business KYC","2024-08-26T17:18:22.000Z","0058c00000BxeO9AAJ","2025-08-05T11:19:06.000Z","0058c00000BxeO9AAJ","2025-08-05T11:19:06.000Z","","","bus-kyc","42940369988812827","false","false","true","","","","","","","","",""
"a2BDR000001urjt2AA","0058c00000BxeO9AAJ","false","QuesMeeta","2024-08-26T17:18:22.000Z","0058c00000BxeO9AAJ","2025-08-05T11:19:06.000Z","0058c00000BxeO9AAJ","2025-08-05T11:19:06.000Z","","","","42787560250831539","false","false","true","","","","","","","","",""
"a2BDR000001urju2AA","0058c00000BxeO9AAJ","false","DAO-Individual-KYC","2024-08-26T17:18:22.000Z","0058c00000BxeO9AAJ","2025-08-05T11:19:06.000Z","0058c00000BxeO9AAJ","2025-08-05T11:19:06.000Z","","","dao-ind-kyc","42109377760315962","false","false","true","","","dao-ind-kyc","null","","Individual Account","null","null",""
"a2BDR000001urjv2AA","0058c00000BxeO9AAJ","false","DAO- Individual-Account Due Diligence","2024-08-26T17:18:22.000Z","0058c00000BxeO9AAJ","2025-08-05T11:19:06.000Z","0058c00000BxeO9AAJ","2025-08-05T11:19:06.000Z","","","dao-ind-add","42677444022408553","false","false","true","","","dao-ind-add","null","","Deposit","null","null",""
"a2BDR000001urjw2AA","0058c00000BxeO9AAJ","false","ODAO- Business KYC","2024-08-26T17:18:22.000Z","0058c00000BxeO9AAJ","2025-08-05T11:19:06.000Z","0058c00000BxeO9AAJ","2025-08-05T11:19:06.000Z","","","odao-bus-kyc","42245829912861432","false","false","true","","","odao-bus-kyc","null","","Business Account","null","null",""
"a2BDR000001urjx2AA","0058c00000BxeO9AAJ","false","Loan Gold Questions","2024-08-26T17:18:22.000Z","0058c00000BxeO9AAJ","2025-08-05T11:19:06.000Z","0058c00000BxeO9AAJ","2025-08-05T11:19:06.000Z","","","","42662481910622078","false","false","true","","","","","","","","",""
"a2BDR000001urjy2AA","0058c00000BxeO9AAJ","false","Retail Loan ADD","2024-08-26T17:18:22.000Z","0058c00000BxeO9AAJ","2025-08-05T11:19:06.000Z","0058c00000BxeO9AAJ","2025-08-05T11:19:06.000Z","","","","42161599347242956","false","false","true","","","","","","","","",""
"a2BDR000001urjz2AA","0058c00000BxeO9AAJ","false","Q1","2024-08-26T17:18:22.000Z","0058c00000BxeO9AAJ","2025-08-05T11:19:06.000Z","0058c00000BxeO9AAJ","2025-08-05T11:19:06.000Z","","","","42718787324244555","false","false","true","","","","","","","","",""
"a2BDR000001urk02AA","0058c00000BxeO9AAJ","false","CRA","2024-08-26T17:18:22.000Z","0058c00000BxeO9AAJ","2025-08-05T11:19:06.000Z","0058c00000BxeO9AAJ","2025-08-05T11:19:06.000Z","","","","42587259055558994","false","false","true","","","","","","","","",""
"a2BDR000001urk12AA","0058c00000BxeO9AAJ","false","ACH Debit","2024-08-26T17:18:22.000Z","0058c00000BxeO9AAJ","2025-08-05T11:19:06.000Z","0058c00000BxeO9AAJ","2025-08-05T11:19:06.000Z","","","tmmg-ACHDebit00-00","42182351739442362","false","false","false","","","","","","","","",""
"a2BDR000001urk22AA","0058c00000BxeO9AAJ","false","Portal Individual KYC","2024-08-26T17:18:22.000Z","0058c00000BxeO9AAJ","2025-08-05T11:19:06.000Z","0058c00000BxeO9AAJ","2025-08-05T11:19:06.000Z","","","","42425994517788887","false","false","true","","","","","","Individual Account","","",""
"a2BDR000001urk32AA","0058c00000BxeO9AAJ","false","Small Business Retail Lending","2024-08-26T17:18:22.000Z","0058c00000BxeO9AAJ","2025-08-05T11:19:06.000Z","0058c00000BxeO9AAJ","2025-08-05T11:19:06.000Z","","","","42128895100604846","false","false","true","","","","","","","","",""
"a2BDR000001urk42AA","0058c00000BxeO9AAJ","false","Add Product Verification","2024-08-26T17:18:22.000Z","0058c00000BxeO9AAJ","2025-08-05T11:19:06.000Z","0058c00000BxeO9AAJ","2025-08-05T11:19:06.000Z","","","","42679652685732093","false","false","true","","","","","","","","",""
"a2BDR000001urk52AA","0058c00000BxeO9AAJ","false","AML/KYC Questionnaire - Business","2024-08-26T17:18:22.000Z","0058c00000BxeO9AAJ","2025-08-05T11:19:06.000Z","0058c00000BxeO9AAJ","2025-08-05T11:19:06.000Z","","","","42999629887234975","false","false","true","","","","","","Loan","","",""
"a2BDR000001urk62AA","0058c00000BxeO9AAJ","false","AML/KYC Questionnaire - Personal","2024-08-26T17:18:22.000Z","0058c00000BxeO9AAJ","2025-08-05T11:19:06.000Z","0058c00000BxeO9AAJ","2025-08-05T11:19:06.000Z","","","","42215833207150863","false","false","true","a2BDR000001urk12AA","","","Online Application","","Individual Account","","",""
"a2BDR000001urk72AA","0058c00000BxeO9AAJ","false","SNC","2024-08-26T17:18:22.000Z","0058c00000BxeO9AAJ","2025-08-05T11:19:06.000Z","0058c00000BxeO9AAJ","2025-08-05T11:19:06.000Z","","","","42799096368321312","false","false","true","","","","","","","","",""
"a2BDR000001urk82AA","0058c00000BxeO9AAJ","false","KYC Onboarding","2024-08-26T17:18:22.000Z","0058c00000BxeO9AAJ","2025-08-05T11:19:06.000Z","0058c00000BxeO9AAJ","2025-08-05T11:19:06.000Z","","","","42997644533406082","false","true","true","","","","","","","","",""
"a2BDR000001urk92AA","0058c00000BxeO9AAJ","false","HMDA Questionnaire","2024-08-26T17:18:22.000Z","0058c00000BxeO9AAJ","2025-08-05T11:19:06.000Z","0058c00000BxeO9AAJ","2025-08-05T11:19:06.000Z","","","","42204668606398303","false","false","true","","","","","","","","",""
"a2BDR000001urkA2AQ","0058c00000BxeO9AAJ","false","Reg O Loan Questionnaire","2024-08-26T17:18:22.000Z","0058c00000BxeO9AAJ","2025-08-05T11:19:06.000Z","0058c00000BxeO9AAJ","2025-08-05T11:19:06.000Z","","","","42619981783916507","false","false","true","","","","","","","","",""
"a2BDR000001urkB2AQ","0058c00000BxeO9AAJ","false","Reg W","2024-08-26T17:18:22.000Z","0058c00000BxeO9AAJ","2025-08-05T11:19:06.000Z","0058c00000BxeO9AAJ","2025-08-05T11:19:06.000Z","","","","42653793309322418","false","false","true","","","","","","","","",""
"a2BDR000001urkC2AQ","0058c00000BxeO9AAJ","false","HVCRE","2024-08-26T17:18:22.000Z","0058c00000BxeO9AAJ","2025-08-05T11:19:06.000Z","0058c00000BxeO9AAJ","2025-08-05T11:19:06.000Z","","","","42401373803190352","false","false","true","","","","","","","","",""
"a2BDR000001urkD2AQ","0058c00000BxeO9AAJ","false","Deposit Product Questionnaire","2024-08-26T17:18:22.000Z","0058c00000BxeO9AAJ","2025-08-05T11:19:06.000Z","0058c00000BxeO9AAJ","2025-08-05T11:19:06.000Z","","","","42124102390932389","false","false","true","","","","","","Business Account","","",""
"a2BDR000001urkE2AQ","0058c00000BxeO9AAJ","false","Small Business Loan - Business - KYC","2024-08-26T17:18:22.000Z","0058c00000BxeO9AAJ","2025-08-05T11:19:06.000Z","0058c00000BxeO9AAJ","2025-08-05T11:19:06.000Z","","","small-business-loan-bus-kyc","small-business-loan-bus-kyc","false","false","true","","","","Online Application","","Loan","","",""
"a2BDR000001urkF2AQ","0058c00000BxeO9AAJ","false","Deal Management Workspace: Loan","2024-08-26T17:54:52.000Z","0058c00000BxeO9AAJ","2025-08-05T11:19:06.000Z","0058c00000BxeO9AAJ","2025-08-05T11:19:06.000Z","","","dmw-group-loan","dmwui-42926525468","false","false","false","","","","","","","","",""
"a2BDR000001urkG2AQ","0058c00000BxeO9AAJ","false","Deal Management Workspace: Treasury","2024-08-26T17:54:52.000Z","0058c00000BxeO9AAJ","2025-08-05T11:19:06.000Z","0058c00000BxeO9AAJ","2025-08-05T11:19:06.000Z","","","dmw-group-treasury","dmwui-42947458925","false","false","false","","","","","","","","",""
"a2BDR000001urkH2AQ","0058c00000BxeO9AAJ","false","Product Package Details","2024-08-26T17:54:52.000Z","0058c00000BxeO9AAJ","2025-08-05T11:19:06.000Z","0058c00000BxeO9AAJ","2025-08-05T11:19:06.000Z","","","pp-details","42543592196307027","false","false","false","","","pp-details","","","","","",""
"a2BDR000001urkI2AQ","0058c00000BxeO9AAJ","false","Treasury Proforma","2024-08-26T17:54:52.000Z","0058c00000BxeO9AAJ","2025-08-05T11:19:06.000Z","0058c00000BxeO9AAJ","2025-08-05T11:19:06.000Z","","","treasury-proforma","42632675207231296","false","false","false","","","treasury-proforma","","","","","",""
"a2BDR000001urkJ2AQ","0058c00000BxeO9AAJ","false","Individual KYC","2024-08-26T17:54:52.000Z","0058c00000BxeO9AAJ","2025-08-05T11:19:06.000Z","0058c00000BxeO9AAJ","2025-08-05T11:19:06.000Z","","","","42245838511199639","false","false","true","","","","","","","","",""
"a2BDR000001urkK2AQ","0058c00000BxeO9AAJ","false","Customer Portal","2024-08-26T17:54:52.000Z","0058c00000BxeO9AAJ","2025-08-05T11:19:06.000Z","0058c00000BxeO9AAJ","2025-08-05T11:19:06.000Z","","","customer-portal","42618985083488670","false","false","false","","","customer-portal","Customer Dashboard","","","","",""
"a2BDR000001urkL2AQ","0058c00000BxeO9AAJ","false","Counterparty Report","2024-08-26T17:54:52.000Z","0058c00000BxeO9AAJ","2025-08-05T11:19:06.000Z","0058c00000BxeO9AAJ","2025-08-05T11:19:06.000Z","","","counterparty-report","42604168176930459","false","false","false","","a2GDR0000018Ds02AE","counterparty-report","","","","","",""
"a2BDR000001urkM2AQ","0058c00000BxeO9AAJ","false","Treasury Service Maintenance","2024-08-26T17:54:52.000Z","0058c00000BxeO9AAJ","2025-08-05T11:19:06.000Z","0058c00000BxeO9AAJ","2025-08-05T11:19:06.000Z","","","treasury-service-maintenance","42328704188845287","false","false","false","","a2GDR0000018Ds12AE","treasury-service-maintenance","","","","","",""
"a2BDR000001urkN2AQ","0058c00000BxeO9AAJ","false","Secured Small Business Loan Application","2024-08-26T17:54:52.000Z","0058c00000BxeO9AAJ","2025-08-05T11:19:06.000Z","0058c00000BxeO9AAJ","2025-08-05T11:19:06.000Z","","","portal-sbl-secured","42144815564389495","false","false","false","","","portal-sbl-secured","","","","","",""
"a2BDR000001urkO2AQ","0058c00000BxeO9AAJ","false","Secured Small Business Loan Application (Individual Other Involved)","2024-08-26T17:54:52.000Z","0058c00000BxeO9AAJ","2025-08-05T11:19:06.000Z","0058c00000BxeO9AAJ","2025-08-05T11:19:06.000Z","","","portal-sbl-secured-other","42658790117959030","false","false","false","a2BDR000001urkN2AQ","","portal-sbl-secured-other","","","","","",""
"a2BDR000001urkP2AQ","0058c00000BxeO9AAJ","false","Small Business Loan Application","2024-08-26T17:54:52.000Z","0058c00000BxeO9AAJ","2025-08-05T11:19:06.000Z","0058c00000BxeO9AAJ","2025-08-05T11:19:06.000Z","","","portal-sbloan","42877593676380574","false","false","false","","","portal-sbloan","Online Application","","","","",""
"a2BDR000001urkQ2AQ","0058c00000BxeO9AAJ","false","Small Business Loan Application (Individual Other Involved)","2024-08-26T17:54:52.000Z","0058c00000BxeO9AAJ","2025-08-05T11:19:06.000Z","0058c00000BxeO9AAJ","2025-08-05T11:19:06.000Z","","","portal-sbl-ind-other","42963370448176169","false","false","false","a2BDR000001urkP2AQ","","portal-sbl-ind-other","","","","","",""
"a2BDR000001urkR2AQ","0058c00000BxeO9AAJ","false","zzzSession (Not Used) - Vehicle Loan","2024-08-26T17:54:52.000Z","0058c00000BxeO9AAJ","2025-08-05T11:19:06.000Z","0058c00000BxeO9AAJ","2025-08-05T11:19:06.000Z","","","veh-loan-grp","42633052120866545","false","false","false","","","veh-loan-grp","","","","Packaged - Do not use as this is not maintained (Summer 19)","",""
"a2BDR000001urkS2AQ","0058c00000BxeO9AAJ","false","zzzSession (Not Used) - Unsecured Line of Credit","2024-08-26T17:54:52.000Z","0058c00000BxeO9AAJ","2025-08-05T11:19:06.000Z","0058c00000BxeO9AAJ","2025-08-05T11:19:06.000Z","","","loc","42260030052001085","false","false","false","","","loc","","","","Packaged - Do not use as this is not maintained (Summer 19)","",""
"a2BDR000001urkT2AQ","0058c00000BxeO9AAJ","false","zzzSession (Not Used) - Unsecured Term Loan","2024-08-26T17:54:52.000Z","0058c00000BxeO9AAJ","2025-08-05T11:19:06.000Z","0058c00000BxeO9AAJ","2025-08-05T11:19:06.000Z","","","term","42522017816930892","false","false","false","","","term","","","","Packaged - Do not use as this is not maintained (Summer 19)","",""
"a2BDR000001urkU2AQ","0058c00000BxeO9AAJ","false","Session (MASTER) - HELOC Loan","2024-08-26T17:54:52.000Z","0058c00000BxeO9AAJ","2025-08-05T11:19:06.000Z","0058c00000BxeO9AAJ","2025-08-05T11:19:06.000Z","","","heloc-loan-grp","NotHelocSpecific-UseforAllRetail","false","false","false","","","heloc-loan-grp","","","","Packaged - This is 1 of 4 packaged Groups used for Retail.  As a Gold Standard, this is the baseline to clone and begin configuration.  The other 3 Session Groups are not maintained at this time (Summer 19)","",""
"a2BDR000001urkV2AQ","0058c00000BxeO9AAJ","false","Retail Loan","2024-08-26T17:54:52.000Z","0058c00000BxeO9AAJ","2025-08-05T11:19:06.000Z","0058c00000BxeO9AAJ","2025-08-05T11:19:06.000Z","","","retail-loan","46461560278745196","false","false","false","","","retail-loan","","","","","",""
"a2BDR000001urkW2AQ","0058c00000BxeO9AAJ","false","Small Business Loan Workflow","2024-08-26T17:54:52.000Z","0058c00000BxeO9AAJ","2025-08-05T11:19:06.000Z","0058c00000BxeO9AAJ","2025-08-05T11:19:06.000Z","","","sbl-group","42806046586701337","false","false","false","","","sbl-group","","","","","",""
"a2BDR000001urkX2AQ","0058c00000BxeO9AAJ","false","Unsecured Small Business Loan Workflow","2024-08-26T17:54:52.000Z","0058c00000BxeO9AAJ","2025-08-05T11:19:06.000Z","0058c00000BxeO9AAJ","2025-08-05T11:19:06.000Z","","","sbl-unsec-group","42903851954541033","false","false","false","","","sbl-unsec-group","","","","","",""
"a2BDR000001urkY2AQ","0058c00000BxeO9AAJ","false","MASTER-Loan - Retail","2024-08-26T17:54:52.000Z","0058c00000BxeO9AAJ","2025-08-05T11:19:06.000Z","0058c00000BxeO9AAJ","2025-08-05T11:19:06.000Z","","","m-retail","80561560278865441","false","false","false","","","m-retail","","","","","",""
"a2BDR000001urkZ2AQ","0058c00000BxeO9AAJ","false","MASTER-Relationship","2024-08-26T17:54:52.000Z","0058c00000BxeO9AAJ","2025-08-05T11:19:06.000Z","0058c00000BxeO9AAJ","2025-08-05T11:19:06.000Z","","","master-relationship","42261562008922327","false","false","false","","","master-relationship","","","","","",""
"a2BDR000001urka2AA","0058c00000BxeO9AAJ","false","New Relationship","2024-08-26T17:54:52.000Z","0058c00000BxeO9AAJ","2025-08-05T11:19:06.000Z","0058c00000BxeO9AAJ","2025-08-05T11:19:06.000Z","","","new-relationship","new-relationship","false","false","false","","","new-relationship","","","","","",""
"a2BDR000001urkb2AA","0058c00000BxeO9AAJ","false","ACH Origination","2024-08-26T17:54:52.000Z","0058c00000BxeO9AAJ","2025-08-05T11:19:06.000Z","0058c00000BxeO9AAJ","2025-08-05T11:19:06.000Z","","","tmmg-Treasury00-00","42266445183227207","false","false","false","","a2GDR0000018Dou2AE","tmmg-Treasury00-00","","","","","",""
"a2BDR000001urkc2AA","0058c00000BxeO9AAJ","false","MASTER-Treasury Services","2024-08-26T17:54:52.000Z","0058c00000BxeO9AAJ","2025-08-05T11:19:06.000Z","0058c00000BxeO9AAJ","2025-08-05T11:19:06.000Z","","","master-treasury-services","95821567002558847","false","false","false","","","master-treasury-services","","","","","",""
"a2BDR000001urkd2AA","0058c00000BxeO9AAJ","false","Test","2024-08-26T17:54:52.000Z","0058c00000BxeO9AAJ","2025-08-05T11:19:06.000Z","0058c00000BxeO9AAJ","2025-08-05T11:19:06.000Z","","","tmmg-Test00-00","42511983079847080","false","false","false","","a2GDR0000018Ds22AE","tmmg-Test00-00","","","","","",""
"a2BDR000001urke2AA","0058c00000BxeO9AAJ","false","Test 2","2024-08-26T17:54:52.000Z","0058c00000BxeO9AAJ","2025-08-05T11:19:06.000Z","0058c00000BxeO9AAJ","2025-08-05T11:19:06.000Z","","","tmmg-Test200-00","42929089401890532","false","false","false","","a2GDR0000018Ds32AE","tmmg-Test200-00","","","","","",""
"a2BDR000001urkf2AA","0058c00000BxeO9AAJ","false","Relationship Loans Treegrid","2024-08-26T17:54:52.000Z","0058c00000BxeO9AAJ","2025-08-05T11:19:06.000Z","0058c00000BxeO9AAJ","2025-08-05T11:19:06.000Z","","","relationship-loans-treegrid","rcaui-42318683902","false","false","false","","","relationship-loans-treegrid","","","","","",""
"a2BDR000001urkg2AA","0058c00000BxeO9AAJ","false","Loan","2024-08-26T17:54:52.000Z","0058c00000BxeO9AAJ","2025-08-05T11:19:06.000Z","0058c00000BxeO9AAJ","2025-08-05T11:19:06.000Z","","","loan","42873438710069149","false","false","false","","","loan","","","","","",""
"a2BDR000001urkh2AA","0058c00000BxeO9AAJ","false","Deposit Product Maintenance","2024-08-26T17:54:52.000Z","0058c00000BxeO9AAJ","2025-08-05T11:19:06.000Z","0058c00000BxeO9AAJ","2025-08-05T11:19:06.000Z","","","dep-pm","42226489752753856","false","false","false","","","dep-pm","","","","","",""
"a2BDR000001urki2AA","0058c00000BxeO9AAJ","false","Deposit Product Details Maintenance","2024-08-26T17:54:52.000Z","0058c00000BxeO9AAJ","2025-08-05T11:19:06.000Z","0058c00000BxeO9AAJ","2025-08-05T11:19:06.000Z","","","dep-pm-details","42075960643920713","false","false","false","","","dep-pm-details","","","","","",""
"a2BDR000001urkj2AA","0058c00000BxeO9AAJ","false","Deposit Beneficiary Maintenance","2024-08-26T17:54:52.000Z","0058c00000BxeO9AAJ","2025-08-05T11:19:06.000Z","0058c00000BxeO9AAJ","2025-08-05T11:19:06.000Z","","","dep-pm-beneficiary","42557821139915648","false","false","false","","","dep-pm-beneficiary","","","","","",""
"a2BDR000001urkk2AA","0058c00000BxeO9AAJ","false","Deposit Ownership and Roles Maintenance","2024-08-26T17:54:52.000Z","0058c00000BxeO9AAJ","2025-08-05T11:19:06.000Z","0058c00000BxeO9AAJ","2025-08-05T11:19:06.000Z","","","dep-pm-structure-and-roles","42792102819560802","false","false","false","","","dep-pm-structure-and-roles","","","","","",""
"a2BDR000001urkl2AA","0058c00000BxeO9AAJ","false","Deposit Ancillary Services Maintenance","2024-08-26T17:54:52.000Z","0058c00000BxeO9AAJ","2025-08-05T11:19:06.000Z","0058c00000BxeO9AAJ","2025-08-05T11:19:06.000Z","","","dep-pm-ancillary-services","42154253801321945","false","false","false","","","dep-pm-ancillary-services","","","","","",""
"a2BDR000001urkm2AA","0058c00000BxeO9AAJ","false","CD Renewal","2024-08-26T17:54:52.000Z","0058c00000BxeO9AAJ","2025-08-05T11:19:06.000Z","0058c00000BxeO9AAJ","2025-08-05T11:19:06.000Z","","","dep-pm-renew-cd","42837111203817960","false","false","false","","","dep-pm-renew-cd","","","","","",""
"a2BDR000001urkn2AA","0058c00000BxeO9AAJ","false","Treasury Services","2024-08-26T17:54:52.000Z","0058c00000BxeO9AAJ","2025-08-05T11:19:06.000Z","0058c00000BxeO9AAJ","2025-08-05T11:19:06.000Z","","","treasury-default","42641407286729576","false","false","false","","","treasury-default","","","","","",""
"a2BDR000001urko2AA","0058c00000BxeO9AAJ","false","Relationship - Default","2024-08-26T17:54:52.000Z","0058c00000BxeO9AAJ","2025-08-05T11:19:06.000Z","0058c00000BxeO9AAJ","2025-08-05T11:19:06.000Z","","","relationship-default","42943134305184229","false","false","false","","","relationship-default","","","","","",""
"a2BDR000001urkp2AA","0058c00000BxeO9AAJ","false","zzzMASTER-Loan - Default","2024-08-26T17:54:52.000Z","0058c00000BxeO9AAJ","2025-08-05T11:19:06.000Z","0058c00000BxeO9AAJ","2025-08-05T11:19:06.000Z","","","m-loan-default","42437678991602102","false","false","false","","","m-loan-default","","","","PSO Clone - Not Used","",""
"a2BDR000001urkq2AA","0058c00000BxeO9AAJ","false","DocuSign - Default","2024-08-26T17:54:52.000Z","0058c00000BxeO9AAJ","2025-08-05T11:19:06.000Z","0058c00000BxeO9AAJ","2025-08-05T11:19:06.000Z","","","docusign-default","42921740115752574","false","false","false","","","docusign-default","","","","","",""
"a2BDR000001urkr2AA","0058c00000BxeO9AAJ","false","Relationship - Individual","2024-08-26T17:54:52.000Z","0058c00000BxeO9AAJ","2025-08-05T11:19:06.000Z","0058c00000BxeO9AAJ","2025-08-05T11:19:06.000Z","","","relationship-individual","42074912432256224","false","false","false","","","relationship-individual","","","","","",""
"a2BDR000001urks2AA","0058c00000BxeO9AAJ","false","Relationship - Business","2024-08-26T17:54:52.000Z","0058c00000BxeO9AAJ","2025-08-05T11:19:06.000Z","0058c00000BxeO9AAJ","2025-08-05T11:19:06.000Z","","","relationship-business","42245014383349897","false","false","false","","","relationship-business","","","","","",""
"a2BDR000001urkt2AA","0058c00000BxeO9AAJ","false","zzzMASTER-Loan - SBA","2024-08-26T17:54:52.000Z","0058c00000BxeO9AAJ","2025-08-05T11:19:06.000Z","0058c00000BxeO9AAJ","2025-08-05T11:19:06.000Z","","","m-sba","42298379943381721","false","false","false","","","m-sba","","","","PSO Clone - Not Used","",""
"a2BDR000001urku2AA","0058c00000BxeO9AAJ","false","zzzMASTER-Loan - Construction","2024-08-26T17:54:52.000Z","0058c00000BxeO9AAJ","2025-08-05T11:19:06.000Z","0058c00000BxeO9AAJ","2025-08-05T11:19:06.000Z","","","m-construction","42321562673586733","false","false","false","","","m-construction","","","","PSO Clone - Not Used","",""
"a2BDR000001urkv2AA","0058c00000BxeO9AAJ","false","MASTER-Loan - Commercial","2024-08-26T17:54:52.000Z","0058c00000BxeO9AAJ","2025-08-05T11:19:06.000Z","0058c00000BxeO9AAJ","2025-08-05T11:19:06.000Z","","","m-commercial","42444854997057659","false","false","false","","","m-commercial","","","","","",""
"a2BDR000001urkw2AA","0058c00000BxeO9AAJ","false","zzzMASTER-Loan - Card","2024-08-26T17:54:52.000Z","0058c00000BxeO9AAJ","2025-08-05T11:19:06.000Z","0058c00000BxeO9AAJ","2025-08-05T11:19:06.000Z","","","m-card","42454587536386082","false","false","false","","","m-card","","","","PSO Clone - Not Used","",""
"a2BDR000001urkx2AA","0058c00000BxeO9AAJ","false","zzzMASTER-Loan - Consumer","2024-08-26T17:54:52.000Z","0058c00000BxeO9AAJ","2025-08-05T11:19:06.000Z","0058c00000BxeO9AAJ","2025-08-05T11:19:06.000Z","","","m-consumer","42410464651584665","false","false","false","","","m-consumer","","","","PSO Clone - Not Used","",""
"a2BDR000001urky2AA","0058c00000BxeO9AAJ","false","MASTER-Loan","2024-08-26T17:54:52.000Z","0058c00000BxeO9AAJ","2025-08-05T11:19:06.000Z","0058c00000BxeO9AAJ","2025-08-05T11:19:06.000Z","","","m-loan","42044771180104939","false","false","false","","","m-loan","","","","","",""
"a2BDR000001urkz2AA","0058c00000BxeO9AAJ","false","New Loan Product","2024-08-26T17:54:52.000Z","0058c00000BxeO9AAJ","2025-08-05T11:19:06.000Z","0058c00000BxeO9AAJ","2025-08-05T11:19:06.000Z","","","new-loan","42964014987709751","false","false","false","","","new-loan","","","","","",""
"a2BDR000001url02AA","0058c00000BxeO9AAJ","false","DocuSign","2024-08-26T17:54:52.000Z","0058c00000BxeO9AAJ","2025-08-05T11:19:06.000Z","0058c00000BxeO9AAJ","2025-08-05T11:19:06.000Z","","","docusign","42493559830866569","false","false","false","","","docusign","","","","","",""
"a2BDR000001url12AA","0058c00000BxeO9AAJ","false","nCino UI Builder","2024-08-26T17:54:52.000Z","0058c00000BxeO9AAJ","2025-08-05T11:19:06.000Z","0058c00000BxeO9AAJ","2025-08-05T11:19:06.000Z","","","uiconfig","42557072293211678","false","false","false","","a2GDR0000018Ds42AE","uiconfig","","","","","",""
"a2BDR000001url22AA","0058c00000BxeO9AAJ","false","Memo","2024-08-26T17:54:52.000Z","0058c00000BxeO9AAJ","2025-08-05T11:19:06.000Z","0058c00000BxeO9AAJ","2025-08-05T11:19:06.000Z","","","memo","42064981524503220","false","false","false","","","memo","","","","","",""
"a2BDR000001url32AA","0058c00000BxeO9AAJ","false","MASTER-Product Package Details","2024-08-26T17:54:52.000Z","0058c00000BxeO9AAJ","2025-08-05T11:19:06.000Z","0058c00000BxeO9AAJ","2025-08-05T11:19:06.000Z","","","m-pp-details","42754447670500511","false","false","false","","","m-pp-details","","","","","",""
"a2BDR000001url42AA","0058c00000BxeO9AAJ","false","nCino Administration","2024-08-26T17:54:52.000Z","0058c00000BxeO9AAJ","2025-08-05T11:19:06.000Z","0058c00000BxeO9AAJ","2025-08-05T11:19:06.000Z","","","admin","42945668722646292","false","false","false","","","admin","","","","","",""
"a2BDR000001url52AA","0058c00000BxeO9AAJ","false","Relationship","2024-08-26T17:54:52.000Z","0058c00000BxeO9AAJ","2025-08-05T11:19:06.000Z","0058c00000BxeO9AAJ","2025-08-05T11:19:06.000Z","","","relationship","42635757875411396","false","false","false","","","relationship","","","","","",""
"a2BDR000001url62AA","0058c00000BxeO9AAJ","false","Deposit Customer Creation Individual","2024-08-26T17:54:52.000Z","0058c00000BxeO9AAJ","2025-08-05T11:19:06.000Z","0058c00000BxeO9AAJ","2025-08-05T11:19:06.000Z","","","dep-cc-ind","42753016822525984","false","false","false","","","dep-cc-ind","","","","","",""
"a2BDR000001url72AA","0058c00000BxeO9AAJ","false","Deposit Customer Creation Business","2024-08-26T17:54:52.000Z","0058c00000BxeO9AAJ","2025-08-05T11:19:06.000Z","0058c00000BxeO9AAJ","2025-08-05T11:19:06.000Z","","","dep-cc-bus","42346516231822941","false","false","false","","","dep-cc-bus","","","","","",""
"a2BDR000001url82AA","0058c00000BxeO9AAJ","false","Loan Customer Creation Individual","2024-08-26T17:54:52.000Z","0058c00000BxeO9AAJ","2025-08-05T11:19:06.000Z","0058c00000BxeO9AAJ","2025-08-05T11:19:06.000Z","","","loan-cc-ind","42874089776727817","false","false","false","","","loan-cc-ind","","","","","",""
"a2BDR000001url92AA","0058c00000BxeO9AAJ","false","Loan Customer Creation Business","2024-08-26T17:54:52.000Z","0058c00000BxeO9AAJ","2025-08-05T11:19:06.000Z","0058c00000BxeO9AAJ","2025-08-05T11:19:06.000Z","","","loan-cc-bus","42604178718324788","false","false","false","","","loan-cc-bus","","","","","",""
"a2BDR000001urlA2AQ","0058c00000BxeO9AAJ","false","Customer Creation: Product Line Selection","2024-08-26T17:54:52.000Z","0058c00000BxeO9AAJ","2025-08-05T11:19:06.000Z","0058c00000BxeO9AAJ","2025-08-05T11:19:06.000Z","","","cc-product-line","42365870589859264","false","false","false","","","cc-product-line","","","","","",""
"a2BDR000001urlB2AQ","0058c00000BxeO9AAJ","false","Deposit Product Creation","2024-08-26T17:54:52.000Z","0058c00000BxeO9AAJ","2025-08-05T11:19:06.000Z","0058c00000BxeO9AAJ","2025-08-05T11:19:06.000Z","","","dep-pc","42103181906180590","false","false","false","","","dep-pc","","","","","",""
"a2BDR000001urlC2AQ","0058c00000BxeO9AAJ","false","Commercial Accelerate Loan","2024-08-26T17:54:52.000Z","0058c00000BxeO9AAJ","2025-08-05T11:19:06.000Z","0058c00000BxeO9AAJ","2025-08-05T11:19:06.000Z","","","comm-accel-loan","12091615577844223","false","false","false","","","comm-accel-loan","","","","","",""
"a2BDR000001urlD2AQ","0058c00000BxeO9AAJ","false","MASTER Loan Post Approval","2024-08-26T17:54:52.000Z","0058c00000BxeO9AAJ","2025-08-05T11:19:06.000Z","0058c00000BxeO9AAJ","2025-08-05T11:19:06.000Z","","","m-loan-post-approval","66341619447512452","false","false","false","","","m-loan-post-approval","","","","","",""
"a2BDR000001urlE2AQ","0058c00000BxeO9AAJ","false","MASTER Loan Booked","2024-08-26T17:54:52.000Z","0058c00000BxeO9AAJ","2025-08-05T11:19:06.000Z","0058c00000BxeO9AAJ","2025-08-05T11:19:06.000Z","","","m-loan-booked","49741620937669910","false","false","false","","","m-loan-booked","","","","test","",""
"a2BDR000001urlF2AQ","0058c00000BxeO9AAJ","false","Deposit Online Application (Individual)","2024-08-26T17:54:52.000Z","0058c00000BxeO9AAJ","2025-08-05T11:19:06.000Z","0058c00000BxeO9AAJ","2025-08-05T11:19:06.000Z","","","portal-dep-odao","42263871326145242","false","false","false","","","portal-dep-odao","Online Application","","Deposit","","",""
"a2BDR000001urlG2AQ","0058c00000BxeO9AAJ","false","Deposit Application (Individual) - Additional Owner","2024-08-26T17:54:52.000Z","0058c00000BxeO9AAJ","2025-08-05T11:19:06.000Z","0058c00000BxeO9AAJ","2025-08-05T11:19:06.000Z","","","portal-perdep-owner-odao","42668082779579811","false","false","false","a2BDR000001urlF2AQ","","portal-perdep-owner-odao","Online Application","","","","",""
"a2BDR000001urlH2AQ","0058c00000BxeO9AAJ","false","Deposit Application (Business)","2024-08-26T17:54:52.000Z","0058c00000BxeO9AAJ","2025-08-05T11:19:06.000Z","0058c00000BxeO9AAJ","2025-08-05T11:19:06.000Z","","","portal-dep-bus","42693416628638679","false","false","false","","","portal-dep-bus","Online Application","","","","",""
"a2BDR000001urlI2AQ","0058c00000BxeO9AAJ","false","Deposit Application (Business) Additional Owner","2024-08-26T17:54:52.000Z","0058c00000BxeO9AAJ","2025-08-05T11:19:06.000Z","0058c00000BxeO9AAJ","2025-08-05T11:19:06.000Z","","","portal-dep-owner","42884073905355528","false","false","false","a2BDR000001urlH2AQ","","portal-dep-owner","Online Application","","","","",""
"a2BDR000001urlJ2AQ","0058c00000BxeO9AAJ","false","Deposit Booking UI","2024-08-26T17:54:52.000Z","0058c00000BxeO9AAJ","2025-08-05T11:19:06.000Z","0058c00000BxeO9AAJ","2025-08-05T11:19:06.000Z","","","deposit-booking","42788024293596456","false","false","false","","","deposit-booking","","","","","",""
"a2BDR000001urlK2AQ","0058c00000BxeO9AAJ","false","clone","2024-08-26T17:54:52.000Z","0058c00000BxeO9AAJ","2025-08-05T11:19:06.000Z","0058c00000BxeO9AAJ","2025-08-05T11:19:06.000Z","","","clone","21671598553323537","false","false","false","","","clone","Online Application","","","","",""
"a2BDR000001urlL2AQ","0058c00000BxeO9AAJ","false","Productized Retail Lending","2024-08-26T17:54:52.000Z","0058c00000BxeO9AAJ","2025-08-05T11:19:06.000Z","0058c00000BxeO9AAJ","2025-08-05T11:19:06.000Z","","","productized-retail-lending","42845150078169205","false","false","false","","","productized-retail-lending","","","","","The productized route group includes the retail route templates required for a faster configuration and implementation  experience. Users must clone this group as needed for each loan product type as this specific route group is template-only.",""
"a2BDR000001urlM2AQ","0058c00000BxeO9AAJ","false","Retail Loan UI","2024-08-26T17:54:52.000Z","0058c00000BxeO9AAJ","2025-08-05T11:19:06.000Z","0058c00000BxeO9AAJ","2025-08-05T11:19:06.000Z","","","retail-loan-ui","96991600720267323","false","false","false","","","retail-loan-ui","","","","","The productized route group includes the retail route templates required for a faster configuration and implementation  experience. Users must clone this group as needed for each loan product type as this specific route group is template-only.",""
"a2BDR000001urlN2AQ","0058c00000BxeO9AAJ","false","Small Business Loan UI","2024-08-26T17:54:52.000Z","0058c00000BxeO9AAJ","2025-08-05T11:19:06.000Z","0058c00000BxeO9AAJ","2025-08-05T11:19:06.000Z","","","small-business-loan-ui","91991600720340913","false","false","false","","","small-business-loan-ui","","","","","The productized route group includes the retail route templates required for a faster configuration and implementation  experience. Users must clone this group as needed for each loan product type as this specific route group is template-only.",""
"a2BDR000001urlO2AQ","0058c00000BxeO9AAJ","false","Session Redirect","2024-08-26T17:54:52.000Z","0058c00000BxeO9AAJ","2025-08-05T11:19:06.000Z","0058c00000BxeO9AAJ","2025-08-05T11:19:06.000Z","","","session-redirect","42175376029357054","false","false","false","","","session-redirect","","","","Used to redirect the user that started the loan session to the actual loan record. (WILL BE REMOVED ONCE FALL RELEASE IS INSTALLED)","",""
"a2BDR000001urlP2AQ","0058c00000BxeO9AAJ","false","Secured Retail Loan Application","2024-08-26T17:54:52.000Z","0058c00000BxeO9AAJ","2025-08-05T11:19:06.000Z","0058c00000BxeO9AAJ","2025-08-05T11:19:06.000Z","","","portal-rl-secured","42655019862816908","false","false","false","","","portal-rl-secured","","","","","",""
"a2BDR000001urlQ2AQ","0058c00000BxeO9AAJ","false","Secured Retail Loan Application (Individual Other Involved)","2024-08-26T17:54:52.000Z","0058c00000BxeO9AAJ","2025-08-05T11:19:06.000Z","0058c00000BxeO9AAJ","2025-08-05T11:19:06.000Z","","","portal-rl-secured-other","42884066139848024","false","false","false","a2BDR000001urlP2AQ","","portal-rl-secured-other","","","","","",""
"a2BDR000001urlR2AQ","0058c00000BxeO9AAJ","false","Secured Retail Loan Online Application","2024-08-26T17:54:52.000Z","0058c00000BxeO9AAJ","2025-08-05T11:19:06.000Z","0058c00000BxeO9AAJ","2025-08-05T11:19:06.000Z","","","secured-retail-loan-online-application","95231602078250452","false","false","false","","","secured-retail-loan-online-application","Online Application","","Loan","","",""
"a2BDR000001urlS2AQ","0058c00000BxeO9AAJ","false","Secured Retail Loan Online Application (Individual Other Involved)","2024-08-26T17:54:52.000Z","0058c00000BxeO9AAJ","2025-08-05T11:19:06.000Z","0058c00000BxeO9AAJ","2025-08-05T11:19:06.000Z","","","secured-retail-loan-online-application--individual-other-involved","56841602603006905","false","false","false","a2BDR000001urlR2AQ","","secured-retail-loan-online-application--individual-other-involved","Online Application","","Loan","","",""
"a2BDR000001urlT2AQ","0058c00000BxeO9AAJ","false","Retail Loan- Post Approval UI","2024-08-26T17:54:52.000Z","0058c00000BxeO9AAJ","2025-08-05T11:19:06.000Z","0058c00000BxeO9AAJ","2025-08-05T11:19:06.000Z","","","retail-loan--post-approval-ui","89621602764612697","false","false","false","","","retail-loan--post-approval-ui","","","","","The productized route group includes the retail route templates required for a faster configuration and implementation  experience. Users must clone this group as needed for each loan product type as this specific route group is template-only.",""
"a2BDR000001urlU2AQ","0058c00000BxeO9AAJ","false","Unsecured Retail Loan Online Application","2024-08-26T17:54:52.000Z","0058c00000BxeO9AAJ","2025-08-05T11:19:06.000Z","0058c00000BxeO9AAJ","2025-08-05T11:19:06.000Z","","","unsecured-retail-loan-online-application","60411603129896006","false","false","false","","","unsecured-retail-loan-online-application","Online Application","","Loan","","",""
"a2BDR000001urlV2AQ","0058c00000BxeO9AAJ","false","Unsecured Retail Loan Online Application (Individual Other Involved)","2024-08-26T17:54:52.000Z","0058c00000BxeO9AAJ","2025-08-05T11:19:06.000Z","0058c00000BxeO9AAJ","2025-08-05T11:19:06.000Z","","","unsecured-retail-loan-online-application--individual-other-involved","51611603130192527","false","false","false","a2BDR000001urlU2AQ","","unsecured-retail-loan-online-application--individual-other-involved","Online Application","","Loan","","",""
"a2BDR000001urlW2AQ","0058c00000BxeO9AAJ","false","Deposit Application (Individual)","2024-08-26T17:54:53.000Z","0058c00000BxeO9AAJ","2025-08-05T11:19:06.000Z","0058c00000BxeO9AAJ","2025-08-05T11:19:06.000Z","","","portal-dep","42266423918684600","false","false","false","","","","Online Application","","","","",""
"a2BDR000001urlX2AQ","0058c00000BxeO9AAJ","false","Relationship","2024-08-26T17:54:53.000Z","0058c00000BxeO9AAJ","2025-08-05T11:19:06.000Z","0058c00000BxeO9AAJ","2025-08-05T11:19:06.000Z","","","relationship1","42209304130978970","false","false","false","","","","","","","","",""
"a2BDR000001urlY2AQ","0058c00000BxeO9AAJ","false","Small Business Loan Workflow","2024-08-26T17:54:53.000Z","0058c00000BxeO9AAJ","2025-08-05T11:19:06.000Z","0058c00000BxeO9AAJ","2025-08-05T11:19:06.000Z","","","sbl-group1","42288239929686644","false","false","false","","","","","","","","",""
"a2BDR000001urlZ2AQ","0058c00000BxeO9AAJ","false","Unsecured Small Business Loan Workflow","2024-08-26T17:54:53.000Z","0058c00000BxeO9AAJ","2025-08-05T11:19:06.000Z","0058c00000BxeO9AAJ","2025-08-05T11:19:06.000Z","","","sbl-unsec-group1","42926721888755667","false","false","false","","","","","","","","",""
"a2BDR000001urla2AA","0058c00000BxeO9AAJ","false","Wire Outgoing ManualMaintenance","2024-08-26T17:54:53.000Z","0058c00000BxeO9AAJ","2025-08-05T11:19:06.000Z","0058c00000BxeO9AAJ","2025-08-05T11:19:06.000Z","","","tmmg-wireoutgoingmanual-00","426034127026778311","false","false","false","","","","","","","","",""
"a2BDR000001urlb2AA","0058c00000BxeO9AAJ","false","Retail LockboxMaintenance","2024-08-26T17:54:53.000Z","0058c00000BxeO9AAJ","2025-08-05T11:19:06.000Z","0058c00000BxeO9AAJ","2025-08-05T11:19:06.000Z","","","tmmg-retaillockbox-00","4260341270267783111","false","false","false","","","","","","","","",""
"a2BDR000001urlc2AA","0058c00000BxeO9AAJ","false","Remote DepositMaintenance","2024-08-26T17:54:53.000Z","0058c00000BxeO9AAJ","2025-08-05T11:19:06.000Z","0058c00000BxeO9AAJ","2025-08-05T11:19:06.000Z","","","tmmg-remotedeposit-00","4260341270267783121","false","false","false","","","","","","","","",""
"a2BDR000001urld2AA","0058c00000BxeO9AAJ","false","Zero Balance AccountMaintenance","2024-08-26T17:54:53.000Z","0058c00000BxeO9AAJ","2025-08-05T11:19:06.000Z","0058c00000BxeO9AAJ","2025-08-05T11:19:06.000Z","","","tmmg-zerobalanceaccount-00","4260341270267783131","false","false","false","","","","","","","","",""
"a2BDR000001urle2AA","0058c00000BxeO9AAJ","false","ATM Card","2024-08-26T17:54:53.000Z","0058c00000BxeO9AAJ","2025-08-05T11:19:06.000Z","0058c00000BxeO9AAJ","2025-08-05T11:19:06.000Z","","","tmmg-ATMCard00-00","42566272836805749","false","false","false","","","","","","","","",""
"a2BDR000001urlf2AA","0058c00000BxeO9AAJ","false","Debit Card","2024-08-26T17:54:53.000Z","0058c00000BxeO9AAJ","2025-08-05T11:19:06.000Z","0058c00000BxeO9AAJ","2025-08-05T11:19:06.000Z","","","tmmg-DebitCard00-00","42217321655329735","false","false","false","","","","","","","","",""
"a2BDR000001urlg2AA","0058c00000BxeO9AAJ","false","Overdraft Protection","2024-08-26T17:54:53.000Z","0058c00000BxeO9AAJ","2025-08-05T11:19:06.000Z","0058c00000BxeO9AAJ","2025-08-05T11:19:06.000Z","","","tmmg-OverdraftProtection00-00","42489799916656404","false","false","false","","","","","","","","",""
"a2BDR000001urlh2AA","0058c00000BxeO9AAJ","false","Online Banking","2024-08-26T17:54:53.000Z","0058c00000BxeO9AAJ","2025-08-05T11:19:06.000Z","0058c00000BxeO9AAJ","2025-08-05T11:19:06.000Z","","","tmmg-OnlineBanking00-00","42243914754947719","false","false","false","","","","","","","","",""
"a2BDR000001urli2AA","0058c00000BxeO9AAJ","false","Checks","2024-08-26T17:54:53.000Z","0058c00000BxeO9AAJ","2025-08-05T11:19:06.000Z","0058c00000BxeO9AAJ","2025-08-05T11:19:06.000Z","","","tmmg-Checks00-00","42659953253932440","false","false","false","","","","","","","","",""
"a2BDR000001urlj2AA","0058c00000BxeO9AAJ","false","Online Banking","2024-08-26T17:54:53.000Z","0058c00000BxeO9AAJ","2025-08-05T11:19:06.000Z","0058c00000BxeO9AAJ","2025-08-05T11:19:06.000Z","","","tmmg-OnlineBanking01-00","42043961427872817","false","false","false","","","","","","","","",""
"a2BDR000001urlk2AA","0058c00000BxeO9AAJ","false","Overdraft Protection","2024-08-26T17:54:53.000Z","0058c00000BxeO9AAJ","2025-08-05T11:19:06.000Z","0058c00000BxeO9AAJ","2025-08-05T11:19:06.000Z","","","tmmg-OverdraftProtection01-00","42178474390866250","false","false","false","","","","","","","","",""
"a2BDR000001urll2AA","0058c00000BxeO9AAJ","false","Debit Card","2024-08-26T17:54:53.000Z","0058c00000BxeO9AAJ","2025-08-05T11:19:06.000Z","0058c00000BxeO9AAJ","2025-08-05T11:19:06.000Z","","","tmmg-DebitCard01-00","42318132447466575","false","false","false","","","","","","","","",""
"a2BDR000001urlm2AA","0058c00000BxeO9AAJ","false","ATM Card","2024-08-26T17:54:53.000Z","0058c00000BxeO9AAJ","2025-08-05T11:19:06.000Z","0058c00000BxeO9AAJ","2025-08-05T11:19:06.000Z","","","tmmg-ATMCard01-00","42323543305942213","false","false","false","","","","","","","","",""
"a2BDR000001urln2AA","0058c00000BxeO9AAJ","false","Bill Pay","2024-08-26T17:54:53.000Z","0058c00000BxeO9AAJ","2025-08-05T11:19:06.000Z","0058c00000BxeO9AAJ","2025-08-05T11:19:06.000Z","","","tmmg-BillPay00-00","42591881211107573","false","false","false","","","","","","","","",""
"a2BDR000001urlo2AA","0058c00000BxeO9AAJ","false","Business Debit Card","2024-08-26T17:54:53.000Z","0058c00000BxeO9AAJ","2025-08-05T11:19:06.000Z","0058c00000BxeO9AAJ","2025-08-05T11:19:06.000Z","","","tmmg-BusinessDebitCard00-00","42321998555010096","false","false","false","","","","","","","","",""
"a2BDR000001urlp2AA","0058c00000BxeO9AAJ","false","Account Analysis Statement","2024-08-26T17:54:53.000Z","0058c00000BxeO9AAJ","2025-08-05T11:19:06.000Z","0058c00000BxeO9AAJ","2025-08-05T11:19:06.000Z","","","tmmg-AccountAnalysisStatement00-00","42837017047787376","false","false","false","","","","","","","","",""
"a2BDR000001urlq2AA","0058c00000BxeO9AAJ","false","ARP Deposit Recon","2024-08-26T17:54:53.000Z","0058c00000BxeO9AAJ","2025-08-05T11:19:06.000Z","0058c00000BxeO9AAJ","2025-08-05T11:19:06.000Z","","","tmmg-ARPDepositRecon00-00","42276659584280900","false","false","false","","","","","","","","",""
"a2BDR000001urlr2AA","0058c00000BxeO9AAJ","false","ARP Full","2024-08-26T17:54:53.000Z","0058c00000BxeO9AAJ","2025-08-05T11:19:06.000Z","0058c00000BxeO9AAJ","2025-08-05T11:19:06.000Z","","","tmmg-ARPFull00-00","42788061816231401","false","false","false","","","","","","","","",""
"a2BDR000001urls2AA","0058c00000BxeO9AAJ","false","CD-Rom","2024-08-26T17:54:53.000Z","0058c00000BxeO9AAJ","2025-08-05T11:19:06.000Z","0058c00000BxeO9AAJ","2025-08-05T11:19:06.000Z","","","tmmg-CDRom00-00","42024555182888674","false","false","false","","","","","","","","",""
"a2BDR000001urlt2AA","0058c00000BxeO9AAJ","false","Account Analysis Statement","2024-08-26T17:54:53.000Z","0058c00000BxeO9AAJ","2025-08-05T11:19:06.000Z","0058c00000BxeO9AAJ","2025-08-05T11:19:06.000Z","","","tmmg-AccountAnalysisStatement01-00","42715393892623243","false","false","false","","","","","","","","",""
"a2BDR000001urlu2AA","0058c00000BxeO9AAJ","false","Account Reconciliation Services","2024-08-26T17:54:53.000Z","0058c00000BxeO9AAJ","2025-08-05T11:19:06.000Z","0058c00000BxeO9AAJ","2025-08-05T11:19:06.000Z","","","tmmg-AccountReconciliationServices00-00","42939322020636023","false","false","false","","","","","","","","",""
"a2BDR000001urlv2AA","0058c00000BxeO9AAJ","false","ARP Partial","2024-08-26T17:54:53.000Z","0058c00000BxeO9AAJ","2025-08-05T11:19:06.000Z","0058c00000BxeO9AAJ","2025-08-05T11:19:06.000Z","","","tmmg-ARPPartial00-00","42891193703210100","false","false","false","","","","","","","","",""
"a2BDR000001urlw2AA","0058c00000BxeO9AAJ","false","ARP Setup","2024-08-26T17:54:53.000Z","0058c00000BxeO9AAJ","2025-08-05T11:19:06.000Z","0058c00000BxeO9AAJ","2025-08-05T11:19:06.000Z","","","tmmg-ARPSetup00-00","42109442789852318","false","false","false","","","","","","","","",""
"a2BDR000001urlx2AA","0058c00000BxeO9AAJ","false","ARP Transmission","2024-08-26T17:54:53.000Z","0058c00000BxeO9AAJ","2025-08-05T11:19:06.000Z","0058c00000BxeO9AAJ","2025-08-05T11:19:06.000Z","","","tmmg-ARPTransmission00-00","42399751678976428","false","false","false","","","","","","","","",""
"a2BDR000001urly2AA","0058c00000BxeO9AAJ","false","Direct Deposit","2024-08-26T17:54:53.000Z","0058c00000BxeO9AAJ","2025-08-05T11:19:06.000Z","0058c00000BxeO9AAJ","2025-08-05T11:19:06.000Z","","","tmmg-DirectDeposit00-00","42814953076653538","false","false","false","","","","","","","","",""
"a2BDR000001urlz2AA","0058c00000BxeO9AAJ","false","ACH Direct Send","2024-08-26T17:54:53.000Z","0058c00000BxeO9AAJ","2025-08-05T11:19:06.000Z","0058c00000BxeO9AAJ","2025-08-05T11:19:06.000Z","","","tmmg-ACHDirectSend00-00","42176513421434370","false","false","false","","","","","","","","",""
"a2BDR000001urm02AA","0058c00000BxeO9AAJ","false","ACH Bundle","2024-08-26T17:54:53.000Z","0058c00000BxeO9AAJ","2025-08-05T11:19:06.000Z","0058c00000BxeO9AAJ","2025-08-05T11:19:06.000Z","","","tmmg-ACHBundle00-00","42303144944602719","false","false","false","","","","","","","","",""
"a2BDR000001urm12AA","0058c00000BxeO9AAJ","false","Serv ACH","2024-08-26T17:54:53.000Z","0058c00000BxeO9AAJ","2025-08-05T11:19:06.000Z","0058c00000BxeO9AAJ","2025-08-05T11:19:06.000Z","","","tmmg-ServACH00-00","42226785150003184","false","false","false","","","","","","","","",""
"a2BDR000001urm22AA","0058c00000BxeO9AAJ","false","Account Receivables Conversion","2024-08-26T17:54:53.000Z","0058c00000BxeO9AAJ","2025-08-05T11:19:06.000Z","0058c00000BxeO9AAJ","2025-08-05T11:19:06.000Z","","","tmmg-AccountReceivablesConversion00-00","42231351442612663","false","false","false","","","","","","","","",""
"a2BDR000001urm32AA","0058c00000BxeO9AAJ","false","ACH Block and Filter","2024-08-26T17:54:53.000Z","0058c00000BxeO9AAJ","2025-08-05T11:19:06.000Z","0058c00000BxeO9AAJ","2025-08-05T11:19:06.000Z","","","tmmg-ACHBlockandFilter00-00","42616403597651882","false","false","false","","","","","","","","",""
"a2BDR000001urm42AA","0058c00000BxeO9AAJ","false","ACH Credit","2024-08-26T17:54:53.000Z","0058c00000BxeO9AAJ","2025-08-05T11:19:06.000Z","0058c00000BxeO9AAJ","2025-08-05T11:19:06.000Z","","","tmmg-ACHCredit00-00","42939241993680442","false","false","false","","","","","","","","",""
"a2BDR000001urm52AA","0058c00000BxeO9AAJ","false","Coin and Currency","2024-08-26T17:54:53.000Z","0058c00000BxeO9AAJ","2025-08-05T11:19:06.000Z","0058c00000BxeO9AAJ","2025-08-05T11:19:06.000Z","","","tmmg-CoinandCurrency00-00","42764696581352067","false","false","false","","","","","","","","",""
"a2BDR000001urm62AA","0058c00000BxeO9AAJ","false","Controlled Disbursement","2024-08-26T17:54:53.000Z","0058c00000BxeO9AAJ","2025-08-05T11:19:06.000Z","0058c00000BxeO9AAJ","2025-08-05T11:19:06.000Z","","","tmmg-ControlledDisbursement00-00","42994799597081279","false","false","false","","","","","","","","",""
"a2BDR000001urm72AA","0058c00000BxeO9AAJ","false","Research","2024-08-26T17:54:53.000Z","0058c00000BxeO9AAJ","2025-08-05T11:19:06.000Z","0058c00000BxeO9AAJ","2025-08-05T11:19:06.000Z","","","tmmg-Research00-00","42953266095278948","false","false","false","","","","","","","","",""
"a2BDR000001urm82AA","0058c00000BxeO9AAJ","false","Pre-Encoded Rejects","2024-08-26T17:54:53.000Z","0058c00000BxeO9AAJ","2025-08-05T11:19:06.000Z","0058c00000BxeO9AAJ","2025-08-05T11:19:06.000Z","","","tmmg-PreEncodedRejects00-00","42081221226117977","false","false","false","","","","","","","","",""
"a2BDR000001urm92AA","0058c00000BxeO9AAJ","false","Pre-Encoded Checks","2024-08-26T17:54:53.000Z","0058c00000BxeO9AAJ","2025-08-05T11:19:06.000Z","0058c00000BxeO9AAJ","2025-08-05T11:19:06.000Z","","","tmmg-PreEncodedChecks00-00","42431184923650199","false","false","false","","","","","","","","",""
"a2BDR000001urmA2AQ","0058c00000BxeO9AAJ","false","Overdraft","2024-08-26T17:54:53.000Z","0058c00000BxeO9AAJ","2025-08-05T11:19:06.000Z","0058c00000BxeO9AAJ","2025-08-05T11:19:06.000Z","","","tmmg-Overdraft00-00","42039719763403573","false","false","false","","","","","","","","",""
"a2BDR000001urmB2AQ","0058c00000BxeO9AAJ","false","Business Debit Card","2024-08-26T17:54:53.000Z","0058c00000BxeO9AAJ","2025-08-05T11:19:06.000Z","0058c00000BxeO9AAJ","2025-08-05T11:19:06.000Z","","","tmmg-BusinessDebitCard01-00","42899443307354903","false","false","false","","","","","","","","",""
"a2BDR000001urmC2AQ","0058c00000BxeO9AAJ","false","FDIC Insurance","2024-08-26T17:54:53.000Z","0058c00000BxeO9AAJ","2025-08-05T11:19:06.000Z","0058c00000BxeO9AAJ","2025-08-05T11:19:06.000Z","","","tmmg-FDICInsurance00-00","42225321829566048","false","false","false","","","","","","","","",""
"a2BDR000001urmD2AQ","0058c00000BxeO9AAJ","false","Deposit Adjustment","2024-08-26T17:54:53.000Z","0058c00000BxeO9AAJ","2025-08-05T11:19:06.000Z","0058c00000BxeO9AAJ","2025-08-05T11:19:06.000Z","","","tmmg-DepositAdjustment00-00","42620712357920306","false","false","false","","","","","","","","",""
"a2BDR000001urmE2AQ","0058c00000BxeO9AAJ","false","Return Deposited Item","2024-08-26T17:54:53.000Z","0058c00000BxeO9AAJ","2025-08-05T11:19:06.000Z","0058c00000BxeO9AAJ","2025-08-05T11:19:06.000Z","","","tmmg-ReturnDepositedItem00-00","42808642688529097","false","false","false","","","","","","","","",""
"a2BDR000001urmF2AQ","0058c00000BxeO9AAJ","false","Checks Deposited","2024-08-26T17:54:53.000Z","0058c00000BxeO9AAJ","2025-08-05T11:19:06.000Z","0058c00000BxeO9AAJ","2025-08-05T11:19:06.000Z","","","tmmg-ChecksDeposited00-00","42595872270071168","false","false","false","","","","","","","","",""
"a2BDR000001urmG2AQ","0058c00000BxeO9AAJ","false","Check Printing","2024-08-26T17:54:53.000Z","0058c00000BxeO9AAJ","2025-08-05T11:19:06.000Z","0058c00000BxeO9AAJ","2025-08-05T11:19:06.000Z","","","tmmg-CheckPrinting00-00","42182936697621246","false","false","false","","","","","","","","",""
"a2BDR000001urmH2AQ","0058c00000BxeO9AAJ","false","Stop Payment Manual","2024-08-26T17:54:53.000Z","0058c00000BxeO9AAJ","2025-08-05T11:19:06.000Z","0058c00000BxeO9AAJ","2025-08-05T11:19:06.000Z","","","tmmg-StopPaymentManual00-00","42249119661942913","false","false","false","","","","","","","","",""
"a2BDR000001urmI2AQ","0058c00000BxeO9AAJ","false","Returned Deposited Item","2024-08-26T17:54:53.000Z","0058c00000BxeO9AAJ","2025-08-05T11:19:06.000Z","0058c00000BxeO9AAJ","2025-08-05T11:19:06.000Z","","","tmmg-ReturnedDepositedItem00-00","42318858712087126","false","false","false","","","","","","","","",""
"a2BDR000001urmJ2AQ","0058c00000BxeO9AAJ","false","Sweep","2024-08-26T17:54:53.000Z","0058c00000BxeO9AAJ","2025-08-05T11:19:06.000Z","0058c00000BxeO9AAJ","2025-08-05T11:19:06.000Z","","","tmmg-Sweep00-00","42859800291646632","false","false","false","","","","","","","","",""
"a2BDR000001urmK2AQ","0058c00000BxeO9AAJ","false","Wholesale Lockbox","2024-08-26T17:54:53.000Z","0058c00000BxeO9AAJ","2025-08-05T11:19:06.000Z","0058c00000BxeO9AAJ","2025-08-05T11:19:06.000Z","","","tmmg-WholesaleLockbox00-00","42108932046797350","false","false","false","","","","","","","","",""
"a2BDR000001urmL2AQ","0058c00000BxeO9AAJ","false","OB Stop Payment","2024-08-26T17:54:53.000Z","0058c00000BxeO9AAJ","2025-08-05T11:19:06.000Z","0058c00000BxeO9AAJ","2025-08-05T11:19:06.000Z","","","tmmg-OBStopPayment00-00","42776404962862342","false","false","false","","","","","","","","",""
"a2BDR000001urmM2AQ","0058c00000BxeO9AAJ","false","OB Security Tokens","2024-08-26T17:54:53.000Z","0058c00000BxeO9AAJ","2025-08-05T11:19:06.000Z","0058c00000BxeO9AAJ","2025-08-05T11:19:06.000Z","","","tmmg-OBSecurityTokens00-00","42529052326675346","false","false","false","","","","","","","","",""
"a2BDR000001urmN2AQ","0058c00000BxeO9AAJ","false","Bill Pay","2024-08-26T17:54:53.000Z","0058c00000BxeO9AAJ","2025-08-05T11:19:06.000Z","0058c00000BxeO9AAJ","2025-08-05T11:19:06.000Z","","","tmmg-BillPay01-00","42378672051535648","false","false","false","","","","","","","","",""
"a2BDR000001urmO2AQ","0058c00000BxeO9AAJ","false","Direct File Transfer","2024-08-26T17:54:53.000Z","0058c00000BxeO9AAJ","2025-08-05T11:19:06.000Z","0058c00000BxeO9AAJ","2025-08-05T11:19:06.000Z","","","tmmg-DirectFileTransfer00-00","42399496430100930","false","false","false","","","","","","","","",""
"a2BDR000001urmP2AQ","0058c00000BxeO9AAJ","false","OB Account Analysis","2024-08-26T17:54:53.000Z","0058c00000BxeO9AAJ","2025-08-05T11:19:06.000Z","0058c00000BxeO9AAJ","2025-08-05T11:19:06.000Z","","","tmmg-OBAccountAnalysis00-00","42578665056335882","false","false","false","","","","","","","","",""
"a2BDR000001urmQ2AQ","0058c00000BxeO9AAJ","false","OB Book Transfer","2024-08-26T17:54:53.000Z","0058c00000BxeO9AAJ","2025-08-05T11:19:06.000Z","0058c00000BxeO9AAJ","2025-08-05T11:19:06.000Z","","","tmmg-OBBookTransfer00-00","42028332044179256","false","false","false","","","","","","","","",""
"a2BDR000001urmR2AQ","0058c00000BxeO9AAJ","false","OB Security Services","2024-08-26T17:54:53.000Z","0058c00000BxeO9AAJ","2025-08-05T11:19:06.000Z","0058c00000BxeO9AAJ","2025-08-05T11:19:06.000Z","","","tmmg-OBSecurityServices00-00","42013006377047603","false","false","false","","","","","","","","",""
"a2BDR000001urmS2AQ","0058c00000BxeO9AAJ","false","OB Loan Module","2024-08-26T17:54:53.000Z","0058c00000BxeO9AAJ","2025-08-05T11:19:06.000Z","0058c00000BxeO9AAJ","2025-08-05T11:19:06.000Z","","","tmmg-OBLoanModule00-00","42629436023108108","false","false","false","","","","","","","","",""
"a2BDR000001urmT2AQ","0058c00000BxeO9AAJ","false","OB Information Reporting","2024-08-26T17:54:53.000Z","0058c00000BxeO9AAJ","2025-08-05T11:19:06.000Z","0058c00000BxeO9AAJ","2025-08-05T11:19:06.000Z","","","tmmg-OBInformationReporting00-00","42161487210648280","false","false","false","","","","","","","","",""
"a2BDR000001urmU2AQ","0058c00000BxeO9AAJ","false","OB Bundle","2024-08-26T17:54:53.000Z","0058c00000BxeO9AAJ","2025-08-05T11:19:06.000Z","0058c00000BxeO9AAJ","2025-08-05T11:19:06.000Z","","","tmmg-OBBundle00-00","42876938326776748","false","false","false","","","","","","","","",""
"a2BDR000001urmV2AQ","0058c00000BxeO9AAJ","false","Return Deposited Item","2024-08-26T17:54:53.000Z","0058c00000BxeO9AAJ","2025-08-05T11:19:06.000Z","0058c00000BxeO9AAJ","2025-08-05T11:19:06.000Z","","","tmmg-ReturnDepositedItem01-00","42133411758186930","false","false","false","","","","","","","","",""
"a2BDR000001urmW2AQ","0058c00000BxeO9AAJ","false","Wire Notification","2024-08-26T17:54:53.000Z","0058c00000BxeO9AAJ","2025-08-05T11:19:06.000Z","0058c00000BxeO9AAJ","2025-08-05T11:19:06.000Z","","","tmmg-WireNotification00-00","42815272644690869","false","false","false","","","","","","","","",""
"a2BDR000001urmX2AQ","0058c00000BxeO9AAJ","false","Forced Wire Transfer Wd","2024-08-26T17:54:53.000Z","0058c00000BxeO9AAJ","2025-08-05T11:19:06.000Z","0058c00000BxeO9AAJ","2025-08-05T11:19:06.000Z","","","tmmg-ForcedWireTransferWd00-00","42739838105768423","false","false","false","","","","","","","","",""
"a2BDR000001urmY2AQ","0058c00000BxeO9AAJ","false","Wire Incoming","2024-08-26T17:54:53.000Z","0058c00000BxeO9AAJ","2025-08-05T11:19:06.000Z","0058c00000BxeO9AAJ","2025-08-05T11:19:06.000Z","","","tmmg-WireIncoming00-00","42027612952237912","false","false","false","","","","","","","","",""
"a2BDR000001urmZ2AQ","0058c00000BxeO9AAJ","false","Leasing Group","2024-08-26T17:54:53.000Z","0058c00000BxeO9AAJ","2025-08-05T11:19:06.000Z","0058c00000BxeO9AAJ","2025-08-05T11:19:06.000Z","","","Leasing-retail1","42843662834659469","false","false","false","","","","","","","","",""
"a2BDR000001urma2AA","0058c00000BxeO9AAJ","false","Deposit Application (Individual) - Additional Owner","2024-08-26T17:54:53.000Z","0058c00000BxeO9AAJ","2025-08-05T11:19:06.000Z","0058c00000BxeO9AAJ","2025-08-05T11:19:06.000Z","","","portal-perdep-owner","42747180529059436","false","false","false","a2BDR000001urlW2AQ","","","Online Application","","","","",""
"a2BDR000001urmb2AA","0058c00000BxeO9AAJ","false","Consumer Loan Application","2024-08-26T17:54:53.000Z","0058c00000BxeO9AAJ","2025-08-05T11:19:06.000Z","0058c00000BxeO9AAJ","2025-08-05T11:19:06.000Z","","","Portal-Consumerloan","42514900743257265","false","false","false","","","","Online Application","","","","",""
"a2BDR000001urmc2AA","0058c00000BxeO9AAJ","false","Loan - AIP","2024-08-26T17:54:53.000Z","0058c00000BxeO9AAJ","2025-08-05T11:19:06.000Z","0058c00000BxeO9AAJ","2025-08-05T11:19:06.000Z","","","loanaip","42398283041360706","false","false","false","","","","","","","","",""
"a2BDR000001urmd2AA","0058c00000BxeO9AAJ","false","Residential Mortgage Purchase","2024-08-26T17:54:53.000Z","0058c00000BxeO9AAJ","2025-08-05T11:19:06.000Z","0058c00000BxeO9AAJ","2025-08-05T11:19:06.000Z","","","res-mtg-purchs","42660392346979059","false","false","false","","","","","","","","",""
"a2BDR000001urme2AA","0058c00000BxeO9AAJ","false","Residential Mortgage Refinance","2024-08-26T17:54:53.000Z","0058c00000BxeO9AAJ","2025-08-05T11:19:06.000Z","0058c00000BxeO9AAJ","2025-08-05T11:19:06.000Z","","","res-mtg-refi","42523876387995300","false","false","false","","","","","","","","",""
"a2BDR000001urmf2AA","0058c00000BxeO9AAJ","false","Residential Mortgage Landing Page","2024-08-26T17:54:53.000Z","0058c00000BxeO9AAJ","2025-08-05T11:19:06.000Z","0058c00000BxeO9AAJ","2025-08-05T11:19:06.000Z","","","res-mtg-landingpage","42288881414167317","false","false","false","","","","","","","","",""
"a2BDR000001urmg2AA","0058c00000BxeO9AAJ","false","Residential Mortgage Application","2024-08-26T17:54:53.000Z","0058c00000BxeO9AAJ","2025-08-05T11:19:06.000Z","0058c00000BxeO9AAJ","2025-08-05T11:19:06.000Z","","","res-mtg-app","42402157446193753","false","false","false","","","","","","","","",""
"a2BDR000001urmh2AA","0058c00000BxeO9AAJ","false","Deposit Wall","2024-08-26T17:54:53.000Z","0058c00000BxeO9AAJ","2025-08-05T11:19:06.000Z","0058c00000BxeO9AAJ","2025-08-05T11:19:06.000Z","","","deposit-wall","42769676550390565","false","false","false","","","","","","","","",""
"a2BDR000001urmi2AA","0058c00000BxeO9AAJ","false","HELOC Loan","2024-08-26T17:54:53.000Z","0058c00000BxeO9AAJ","2025-08-05T11:19:06.000Z","0058c00000BxeO9AAJ","2025-08-05T11:19:06.000Z","","","heloc-loan-grp1","42784148414399005","false","false","false","","","","","","","","",""
"a2BDR000001urmj2AA","0058c00000BxeO9AAJ","false","Vehicle Loan","2024-08-26T17:54:53.000Z","0058c00000BxeO9AAJ","2025-08-05T11:19:06.000Z","0058c00000BxeO9AAJ","2025-08-05T11:19:06.000Z","","","veh-loan-grp1","42373269594001328","false","false","false","","","","","","","","",""
"a2BDR000001urmk2AA","0058c00000BxeO9AAJ","false","Unsecured Line of Credit","2024-08-26T17:54:53.000Z","0058c00000BxeO9AAJ","2025-08-05T11:19:06.000Z","0058c00000BxeO9AAJ","2025-08-05T11:19:06.000Z","","","loc1","42679299595156119","false","false","false","","","","","","","","",""
"a2BDR000001urml2AA","0058c00000BxeO9AAJ","false","Unsecured Term Loan","2024-08-26T17:54:53.000Z","0058c00000BxeO9AAJ","2025-08-05T11:19:06.000Z","0058c00000BxeO9AAJ","2025-08-05T11:19:06.000Z","","","term1","42844470492818289","false","false","false","","","","","","","","",""
"a2BDR000001urmm2AA","0058c00000BxeO9AAJ","false","Covenant Mgmt","2024-08-26T17:54:53.000Z","0058c00000BxeO9AAJ","2025-08-05T11:19:06.000Z","0058c00000BxeO9AAJ","2025-08-05T11:19:06.000Z","","","llc-bi--covenant2","42800643343195458","false","false","false","","","","","","","","",""
"a2BDR000001urmn2AA","0058c00000BxeO9AAJ","false","Application","2024-08-26T17:54:53.000Z","0058c00000BxeO9AAJ","2025-08-05T11:19:06.000Z","0058c00000BxeO9AAJ","2025-08-05T11:19:06.000Z","","","llc-bi--application","42848229011907454","false","false","false","","","","","","","","",""
"a2BDR000001urmo2AA","0058c00000BxeO9AAJ","false","Retail Loan Application","2024-08-26T17:54:53.000Z","0058c00000BxeO9AAJ","2025-08-05T11:19:06.000Z","0058c00000BxeO9AAJ","2025-08-05T11:19:06.000Z","","","portal-rl","42063034156622212","false","false","false","","","","Online Application","","","","",""
"a2BDR000001urmp2AA","0058c00000BxeO9AAJ","false","Retail Loan Application (Individual Other Involved)","2024-08-26T17:54:53.000Z","0058c00000BxeO9AAJ","2025-08-05T11:19:06.000Z","0058c00000BxeO9AAJ","2025-08-05T11:19:06.000Z","","","portal-rl-other","42300357238387223","false","false","false","a2BDR000001urmo2AA","","","Online Application","","","","",""
"a2BDR000001urmq2AA","0058c00000BxeO9AAJ","false","Deposit Ancillary Services","2024-08-26T17:54:53.000Z","0058c00000BxeO9AAJ","2025-08-05T11:19:06.000Z","0058c00000BxeO9AAJ","2025-08-05T11:19:06.000Z","","","tm-deposit-a-74","42015437848862616","false","false","false","","","","","","","","",""
"a2BDR000001urmr2AA","0058c00000BxeO9AAJ","false","Loan - Leasing Finance","2024-08-26T17:54:53.000Z","0058c00000BxeO9AAJ","2025-08-05T11:19:06.000Z","0058c00000BxeO9AAJ","2025-08-05T11:19:06.000Z","","","loan-leasing1","42515921512498608","false","false","false","","","","","","","","",""
"a2BDR000001urms2AA","0058c00000BxeO9AAJ","false","Loan - Residential Mortgage Purchase - APAC","2024-08-26T17:54:53.000Z","0058c00000BxeO9AAJ","2025-08-05T11:19:06.000Z","0058c00000BxeO9AAJ","2025-08-05T11:19:06.000Z","","","apac-res-mtg-purchase","661A5471073A49118B14037E561B610A","false","false","false","","","","","","","","",""
"a2BDR000001urmt2AA","0058c00000BxeO9AAJ","false","Loan - Residential Mortgage Refinance - APAC","2024-08-26T17:54:53.000Z","0058c00000BxeO9AAJ","2025-08-05T11:19:06.000Z","0058c00000BxeO9AAJ","2025-08-05T11:19:06.000Z","","","apac-res-mtg-refinance","096E450C3B0C4F4284601C447D765211","false","false","false","","","","","","","","",""
"a2BDR000001urmu2AA","0058c00000BxeO9AAJ","false","Loan - Residential Mortgage APAC - Primary UI","2024-08-26T17:54:53.000Z","0058c00000BxeO9AAJ","2025-08-05T11:19:06.000Z","0058c00000BxeO9AAJ","2025-08-05T11:19:06.000Z","","","apac-res-mtg-defaultui","1D71277579024345943759185B486D66","false","false","false","","","","","","","","",""
"a2BDR000001urmv2AA","0058c00000BxeO9AAJ","false","Loan - Collections","2024-08-26T17:54:53.000Z","0058c00000BxeO9AAJ","2025-08-05T11:19:06.000Z","0058c00000BxeO9AAJ","2025-08-05T11:19:06.000Z","","","loancollections","42427172045709198","false","false","false","","","","","","","","",""
"a2BDR000001urmw2AA","0058c00000BxeO9AAJ","false","Loan - SBA","2024-08-26T17:54:53.000Z","0058c00000BxeO9AAJ","2025-08-05T11:19:06.000Z","0058c00000BxeO9AAJ","2025-08-05T11:19:06.000Z","","","sba","42582460515911323","false","false","false","","","","","","","","",""
"a2BDR000001urmx2AA","0058c00000BxeO9AAJ","false","Loan - Commercial","2024-08-26T17:54:53.000Z","0058c00000BxeO9AAJ","2025-08-05T11:19:06.000Z","0058c00000BxeO9AAJ","2025-08-05T11:19:06.000Z","","","loan1","42912109734307319","false","false","false","","","","","","","","",""
"a2BDR000001urmy2AA","0058c00000BxeO9AAJ","false","Loan - Consumer","2024-08-26T17:54:53.000Z","0058c00000BxeO9AAJ","2025-08-05T11:19:06.000Z","0058c00000BxeO9AAJ","2025-08-05T11:19:06.000Z","","","consumer","42588531478698473","false","false","false","","","","","","","","",""
"a2BDR000001urmz2AA","0058c00000BxeO9AAJ","false","Loan - Card","2024-08-26T17:54:53.000Z","0058c00000BxeO9AAJ","2025-08-05T11:19:06.000Z","0058c00000BxeO9AAJ","2025-08-05T11:19:06.000Z","","","card","42203562917068294","false","false","false","","","","","","","","",""
"a2BDR000001urn02AA","0058c00000BxeO9AAJ","false","Treasury - Wire Transfer","2024-08-26T17:54:53.000Z","0058c00000BxeO9AAJ","2025-08-05T11:19:06.000Z","0058c00000BxeO9AAJ","2025-08-05T11:19:06.000Z","","","Wire-Transfer","42224713564485414","false","false","false","","","","","","","","",""
"a2BDR000001urn12AA","0058c00000BxeO9AAJ","false","Treasury - Remote Deposit","2024-08-26T17:54:53.000Z","0058c00000BxeO9AAJ","2025-08-05T11:19:07.000Z","0058c00000BxeO9AAJ","2025-08-05T11:19:07.000Z","","","Remote-Deposit","42593960257694441","false","false","false","","","","","","","","",""
"a2BDR000001urn22AA","0058c00000BxeO9AAJ","false","Treasury - Retail Lockbox","2024-08-26T17:54:53.000Z","0058c00000BxeO9AAJ","2025-08-05T11:19:07.000Z","0058c00000BxeO9AAJ","2025-08-05T11:19:07.000Z","","","Retail-Lockbox","42324689728766729","false","false","false","","","","","","","","",""
"a2BDR000001urn32AA","0058c00000BxeO9AAJ","false","Treasury Configuration","2024-08-26T17:54:53.000Z","0058c00000BxeO9AAJ","2025-08-05T11:19:07.000Z","0058c00000BxeO9AAJ","2025-08-05T11:19:07.000Z","","","treasury-config","42143513379842577","false","false","false","","","","","","","","",""
"a2BDR000001urn42AA","0058c00000BxeO9AAJ","false","Small Business Loan Application","2024-08-26T17:54:53.000Z","0058c00000BxeO9AAJ","2025-08-05T11:19:07.000Z","0058c00000BxeO9AAJ","2025-08-05T11:19:07.000Z","","","portal-sbl","42211622555729637","false","false","false","","","","Online Application","","","","",""
"a2BDR000001urn52AA","0058c00000BxeO9AAJ","false","Business Questionnaire (Button Group)","2024-08-26T17:54:53.000Z","0058c00000BxeO9AAJ","2025-08-05T11:19:07.000Z","0058c00000BxeO9AAJ","2025-08-05T11:19:07.000Z","","","business-questionnaire-button","42922192505793972","false","false","false","","","","","","","","",""
"a2BDR000001urn62AA","0058c00000BxeO9AAJ","false","Individual Questionnaire (Button Group)","2024-08-26T17:54:53.000Z","0058c00000BxeO9AAJ","2025-08-05T11:19:07.000Z","0058c00000BxeO9AAJ","2025-08-05T11:19:07.000Z","","","individual-questionnaire-button","42968451330376803","false","false","false","","","","","","","","",""
"a2BDR000001urn72AA","0058c00000BxeO9AAJ","false","Small Business Loan Application (Individual Other Involved)","2024-08-26T17:54:53.000Z","0058c00000BxeO9AAJ","2025-08-05T11:19:07.000Z","0058c00000BxeO9AAJ","2025-08-05T11:19:07.000Z","","","small-business-loan-individual-online-application-other-involved","small-business-loan-individual-online-application-other-involved","false","false","false","a2BDR000001urkP2AQ","","portal-sbl-ind-other","Online Application","","","","",""
"a2BDR000001urn82AA","0058c00000BxeO9AAJ","false","Small Business Loan Post Approval UI","2024-08-26T17:54:53.000Z","0058c00000BxeO9AAJ","2025-08-05T11:19:07.000Z","0058c00000BxeO9AAJ","2025-08-05T11:19:07.000Z","","","small-business-loan-post-approval-ui","88091663700612060","false","false","false","","","retail-loan-ui","","","","","The productized route group includes the retail route templates required for a faster configuration and implementation  experience. Users must clone this group as needed for each loan product type as this specific route group is template-only.",""
"a2BDR000001urn92AA","0058c00000BxeO9AAJ","false","Small Business Loan Online Application","2024-08-26T17:54:53.000Z","0058c00000BxeO9AAJ","2025-08-05T11:19:07.000Z","0058c00000BxeO9AAJ","2025-08-05T11:19:07.000Z","","","small-business-loan-online-application","41241666029060795","false","false","false","","","portal-sbloan","Online Application","","","","",""
