"Id","OwnerId","IsDeleted","Name","CreatedDate","CreatedById","LastModifiedDate","LastModifiedById","SystemModstamp","nFORCE__Generator_Class__c","nFORCE__lookupKey__c","nFORCE__Category__c","nFORCE__Layout_Description__c","nFORCE__Layout_Preview_Image__c","nFORCE__Visualforce_Page__c","AutorabitExtId__c"
"a2CDR0000020uW12AI","0058c00000BxeO9AAJ","false","SingleColumnGrid","2024-08-26T16:49:33.000Z","0058c00000BxeO9AAJ","2025-10-01T18:32:51.000Z","0058c00000BxeO9AAJ","2025-10-01T18:32:51.000Z","Html.Layouts.SingleColumnGrid","42443791427863139","","","","",""
"a2CDR0000020uW22AI","0058c00000BxeO9AAJ","false","SingleColumnGrid","2024-08-26T16:49:33.000Z","0058c00000BxeO9AAJ","2025-10-01T18:32:51.000Z","0058c00000BxeO9AAJ","2025-10-01T18:32:51.000Z","Html.Layouts.SingleColumnGrid","42535870003792533","","","","",""
"a2CDR0000020uW32AI","0058c00000BxeO9AAJ","false","SingleColumnGrid","2024-08-26T16:49:33.000Z","0058c00000BxeO9AAJ","2025-10-01T18:32:51.000Z","0058c00000BxeO9AAJ","2025-10-01T18:32:51.000Z","Html.Layouts.SingleColumnGrid","42530141315795855","","","","",""
"a2CDR0000020uW42AI","0058c00000BxeO9AAJ","false","SingleColumnGrid","2024-08-26T16:49:33.000Z","0058c00000BxeO9AAJ","2025-10-01T18:32:51.000Z","0058c00000BxeO9AAJ","2025-10-01T18:32:51.000Z","Html.Layouts.SingleColumnGrid","42894784152785565","","","","",""
"a2CDR0000020uW52AI","0058c00000BxeO9AAJ","false","TwoColumnGrid","2024-08-26T16:49:33.000Z","0058c00000BxeO9AAJ","2025-10-01T18:32:51.000Z","0058c00000BxeO9AAJ","2025-10-01T18:32:51.000Z","Html.Layouts.TwoColumnGrid","42576704103596730","","","","",""
"a2CDR0000020uYo2AI","0058c00000BxeO9AAJ","false","NoLayout","2024-08-26T17:21:48.000Z","0058c00000BxeO9AAJ","2025-10-01T18:32:51.000Z","0058c00000BxeO9AAJ","2025-10-01T18:32:51.000Z","Html.Layouts.NoLayout","42565951438092068","","","","",""
"a2CDR0000020uYp2AI","0058c00000BxeO9AAJ","false","TableLayout","2024-08-26T17:21:48.000Z","0058c00000BxeO9AAJ","2025-10-01T18:32:51.000Z","0058c00000BxeO9AAJ","2025-10-01T18:32:51.000Z","Html.Layouts.TableLayout","42752971908378809","","","","",""
"a2CDR0000020uYq2AI","0058c00000BxeO9AAJ","false","NoLayout","2024-08-26T17:21:48.000Z","0058c00000BxeO9AAJ","2025-10-01T18:32:51.000Z","0058c00000BxeO9AAJ","2025-10-01T18:32:51.000Z","Html.Layouts.NoLayout","42731267334142973","","","","",""
"a2CDR0000020uYr2AI","0058c00000BxeO9AAJ","false","TwoColumnGrid","2024-08-26T17:21:48.000Z","0058c00000BxeO9AAJ","2025-10-01T18:32:51.000Z","0058c00000BxeO9AAJ","2025-10-01T18:32:51.000Z","Html.Layouts.TwoColumnGrid","42386943597415043","","","","",""
"a2CDR0000020uYu2AI","0058c00000BxeO9AAJ","false","NoLayout","2024-08-26T17:21:48.000Z","0058c00000BxeO9AAJ","2025-10-01T18:32:51.000Z","0058c00000BxeO9AAJ","2025-10-01T18:32:51.000Z","Html.Layouts.NoLayout","42017009139645992","","","","",""
"a2CDR0000020uYv2AI","0058c00000BxeO9AAJ","false","TableLayout","2024-08-26T17:21:48.000Z","0058c00000BxeO9AAJ","2025-10-01T18:32:51.000Z","0058c00000BxeO9AAJ","2025-10-01T18:32:51.000Z","Html.Layouts.TableLayout","42013675635366865","","","","",""
"a2CDR0000020uYw2AI","0058c00000BxeO9AAJ","false","TwoColumnGrid","2024-08-26T17:21:48.000Z","0058c00000BxeO9AAJ","2025-10-01T18:32:51.000Z","0058c00000BxeO9AAJ","2025-10-01T18:32:51.000Z","Html.Layouts.TwoColumnGrid","42620587200040948","","","","",""
"a2CDR0000020uYx2AI","0058c00000BxeO9AAJ","false","TwoColumnGrid","2024-08-26T17:21:48.000Z","0058c00000BxeO9AAJ","2025-10-01T18:32:51.000Z","0058c00000BxeO9AAJ","2025-10-01T18:32:51.000Z","Html.Layouts.TwoColumnGrid","42883254986396194","","","","",""
"a2CDR0000020uYy2AI","0058c00000BxeO9AAJ","false","TwoColumnGrid","2024-08-26T17:21:48.000Z","0058c00000BxeO9AAJ","2025-10-01T18:32:51.000Z","0058c00000BxeO9AAJ","2025-10-01T18:32:51.000Z","Html.Layouts.TwoColumnGrid","42269911071702418","","","","",""
"a2CDR0000020uZ42AI","0058c00000BxeO9AAJ","false","NoLayout","2024-08-26T17:21:48.000Z","0058c00000BxeO9AAJ","2025-10-01T18:32:51.000Z","0058c00000BxeO9AAJ","2025-10-01T18:32:51.000Z","Html.Layouts.NoLayout","42673310533508381","","","","",""
"a2CDR0000020uZ52AI","0058c00000BxeO9AAJ","false","TableLayout","2024-08-26T17:21:48.000Z","0058c00000BxeO9AAJ","2025-10-01T18:32:51.000Z","0058c00000BxeO9AAJ","2025-10-01T18:32:51.000Z","Html.Layouts.TableLayout","42285658143238721","","","","",""
"a2CDR0000020uZe2AI","0058c00000BxeO9AAJ","false","TwoColumnGrid","2024-08-26T17:21:48.000Z","0058c00000BxeO9AAJ","2025-10-01T18:32:51.000Z","0058c00000BxeO9AAJ","2025-10-01T18:32:51.000Z","Html.Layouts.TwoColumnGrid","46671615577847595","","","","",""
"a2CDR0000020uZf2AI","0058c00000BxeO9AAJ","false","TwoColumnGrid","2024-08-26T17:21:48.000Z","0058c00000BxeO9AAJ","2025-10-01T18:32:51.000Z","0058c00000BxeO9AAJ","2025-10-01T18:32:51.000Z","Html.Layouts.TwoColumnGrid","32291619447516420","","","","",""
"a2CDR0000020uZg2AI","0058c00000BxeO9AAJ","false","NoLayout","2024-08-26T17:21:48.000Z","0058c00000BxeO9AAJ","2025-10-01T18:32:51.000Z","0058c00000BxeO9AAJ","2025-10-01T18:32:51.000Z","Html.Layouts.NoLayout","37721619447516418","","","","",""
"a2CDR0000020uZh2AI","0058c00000BxeO9AAJ","false","TwoColumnGrid","2024-08-26T17:21:48.000Z","0058c00000BxeO9AAJ","2025-10-01T18:32:51.000Z","0058c00000BxeO9AAJ","2025-10-01T18:32:51.000Z","Html.Layouts.TwoColumnGrid","97211619447516420","","","","",""
"a2CDR0000020uZi2AI","0058c00000BxeO9AAJ","false","TwoColumnGrid","2024-08-26T17:21:48.000Z","0058c00000BxeO9AAJ","2025-10-01T18:32:51.000Z","0058c00000BxeO9AAJ","2025-10-01T18:32:51.000Z","Html.Layouts.TwoColumnGrid","16931619447516420","","","","",""
"a2CDR0000020uZj2AI","0058c00000BxeO9AAJ","false","TwoColumnGrid","2024-08-26T17:21:48.000Z","0058c00000BxeO9AAJ","2025-10-01T18:32:51.000Z","0058c00000BxeO9AAJ","2025-10-01T18:32:51.000Z","Html.Layouts.TwoColumnGrid","88281619447516420","","","","",""
"a2CDR0000020uZk2AI","0058c00000BxeO9AAJ","false","NoLayout","2024-08-26T17:21:48.000Z","0058c00000BxeO9AAJ","2025-10-01T18:32:51.000Z","0058c00000BxeO9AAJ","2025-10-01T18:32:51.000Z","Html.Layouts.NoLayout","73031619447516419","","","","",""
"a2CDR0000020uZl2AI","0058c00000BxeO9AAJ","false","NoLayout","2024-08-26T17:21:48.000Z","0058c00000BxeO9AAJ","2025-10-01T18:32:51.000Z","0058c00000BxeO9AAJ","2025-10-01T18:32:51.000Z","Html.Layouts.NoLayout","70831619447516421","","","","",""
"a2CDR0000020uZm2AI","0058c00000BxeO9AAJ","false","NoLayout","2024-08-26T17:21:48.000Z","0058c00000BxeO9AAJ","2025-10-01T18:32:51.000Z","0058c00000BxeO9AAJ","2025-10-01T18:32:51.000Z","Html.Layouts.NoLayout","82941619447516421","","","","",""
"a2CDR0000020uZn2AI","0058c00000BxeO9AAJ","false","TwoColumnGrid","2024-08-26T17:21:48.000Z","0058c00000BxeO9AAJ","2025-10-01T18:32:51.000Z","0058c00000BxeO9AAJ","2025-10-01T18:32:51.000Z","Html.Layouts.TwoColumnGrid","60691619447516420","","","","",""
"a2CDR0000020uZo2AI","0058c00000BxeO9AAJ","false","TwoColumnGrid","2024-08-26T17:21:48.000Z","0058c00000BxeO9AAJ","2025-10-01T18:32:51.000Z","0058c00000BxeO9AAJ","2025-10-01T18:32:51.000Z","Html.Layouts.TwoColumnGrid","06041619447516421","","","","",""
"a2CDR0000020uZp2AI","0058c00000BxeO9AAJ","false","TwoColumnGrid","2024-08-26T17:21:48.000Z","0058c00000BxeO9AAJ","2025-10-01T18:32:51.000Z","0058c00000BxeO9AAJ","2025-10-01T18:32:51.000Z","Html.Layouts.TwoColumnGrid","87991619447516422","","","","",""
"a2CDR0000020uZq2AI","0058c00000BxeO9AAJ","false","NoLayout","2024-08-26T17:21:48.000Z","0058c00000BxeO9AAJ","2025-10-01T18:32:51.000Z","0058c00000BxeO9AAJ","2025-10-01T18:32:51.000Z","Html.Layouts.NoLayout","42678061634688011","","","","",""
"a2CDR0000020uZr2AI","0058c00000BxeO9AAJ","false","NoLayout","2024-08-26T17:21:48.000Z","0058c00000BxeO9AAJ","2025-10-01T18:32:51.000Z","0058c00000BxeO9AAJ","2025-10-01T18:32:51.000Z","Html.Layouts.NoLayout","42650696547658405","","","","",""
"a2CDR0000020uZs2AI","0058c00000BxeO9AAJ","false","SingleColumnGrid","2024-08-26T17:21:48.000Z","0058c00000BxeO9AAJ","2025-10-01T18:32:51.000Z","0058c00000BxeO9AAJ","2025-10-01T18:32:51.000Z","Html.Layouts.SingleColumnGrid","42017786495228447","","","","",""
"a2CDR0000020uZt2AI","0058c00000BxeO9AAJ","false","TwoColumnGrid","2024-08-26T17:21:48.000Z","0058c00000BxeO9AAJ","2025-10-01T18:32:51.000Z","0058c00000BxeO9AAJ","2025-10-01T18:32:51.000Z","Html.Layouts.TwoColumnGrid","83621620937673260","","","","",""
"a2CDR0000020uZu2AI","0058c00000BxeO9AAJ","false","NoLayout","2024-08-26T17:21:48.000Z","0058c00000BxeO9AAJ","2025-10-01T18:32:51.000Z","0058c00000BxeO9AAJ","2025-10-01T18:32:51.000Z","Html.Layouts.NoLayout","42597361740996248","","","","",""
"a2CDR0000020uZv2AI","0058c00000BxeO9AAJ","false","NoLayout","2024-08-26T17:21:48.000Z","0058c00000BxeO9AAJ","2025-10-01T18:32:51.000Z","0058c00000BxeO9AAJ","2025-10-01T18:32:51.000Z","Html.Layouts.NoLayout","50541620937673259","","","","",""
"a2CDR0000020uZw2AI","0058c00000BxeO9AAJ","false","NoLayout","2024-08-26T17:21:48.000Z","0058c00000BxeO9AAJ","2025-10-01T18:32:51.000Z","0058c00000BxeO9AAJ","2025-10-01T18:32:51.000Z","Html.Layouts.NoLayout","42319607037458049","","","","",""
"a2CDR0000020uZx2AI","0058c00000BxeO9AAJ","false","TwoColumnGrid","2024-08-26T17:21:48.000Z","0058c00000BxeO9AAJ","2025-10-01T18:32:51.000Z","0058c00000BxeO9AAJ","2025-10-01T18:32:51.000Z","Html.Layouts.TwoColumnGrid","36931620937673260","","","","",""
"a2CDR0000020uZy2AI","0058c00000BxeO9AAJ","false","NoLayout","2024-08-26T17:21:48.000Z","0058c00000BxeO9AAJ","2025-10-01T18:32:51.000Z","0058c00000BxeO9AAJ","2025-10-01T18:32:51.000Z","Html.Layouts.NoLayout","98341620937673262","","","","",""
"a2CDR0000020uZz2AI","0058c00000BxeO9AAJ","false","NoLayout","2024-08-26T17:21:48.000Z","0058c00000BxeO9AAJ","2025-10-01T18:32:51.000Z","0058c00000BxeO9AAJ","2025-10-01T18:32:51.000Z","Html.Layouts.NoLayout","56941620937673262","","","","",""
"a2CDR0000020ua02AA","0058c00000BxeO9AAJ","false","TwoColumnGrid","2024-08-26T17:21:48.000Z","0058c00000BxeO9AAJ","2025-10-01T18:32:51.000Z","0058c00000BxeO9AAJ","2025-10-01T18:32:51.000Z","Html.Layouts.TwoColumnGrid","51131620937673261","","","","",""
"a2CDR0000020ua12AA","0058c00000BxeO9AAJ","false","NoLayout","2024-08-26T17:21:48.000Z","0058c00000BxeO9AAJ","2025-10-01T18:32:51.000Z","0058c00000BxeO9AAJ","2025-10-01T18:32:51.000Z","Html.Layouts.NoLayout","37061620937673260","","","","",""
"a2CDR0000020ua22AA","0058c00000BxeO9AAJ","false","TwoColumnGrid","2024-08-26T17:21:48.000Z","0058c00000BxeO9AAJ","2025-10-01T18:32:51.000Z","0058c00000BxeO9AAJ","2025-10-01T18:32:51.000Z","Html.Layouts.TwoColumnGrid","60481620937673261","","","","",""
"a2CDR0000020ua32AA","0058c00000BxeO9AAJ","false","TwoColumnGrid","2024-08-26T17:21:48.000Z","0058c00000BxeO9AAJ","2025-10-01T18:32:51.000Z","0058c00000BxeO9AAJ","2025-10-01T18:32:51.000Z","Html.Layouts.TwoColumnGrid","42021620937673261","","","","",""
"a2CDR0000020ua42AA","0058c00000BxeO9AAJ","false","TwoColumnGrid","2024-08-26T17:21:48.000Z","0058c00000BxeO9AAJ","2025-10-01T18:32:51.000Z","0058c00000BxeO9AAJ","2025-10-01T18:32:51.000Z","Html.Layouts.TwoColumnGrid","56231620937673261","","","","",""
"a2CDR0000020ua52AA","0058c00000BxeO9AAJ","false","TwoColumnGrid","2024-08-26T17:21:48.000Z","0058c00000BxeO9AAJ","2025-10-01T18:32:51.000Z","0058c00000BxeO9AAJ","2025-10-01T18:32:51.000Z","Html.Layouts.TwoColumnGrid","06951620937673263","","","","",""
"a2CDR0000020ua62AA","0058c00000BxeO9AAJ","false","NoLayout","2024-08-26T17:21:48.000Z","0058c00000BxeO9AAJ","2025-10-01T18:32:51.000Z","0058c00000BxeO9AAJ","2025-10-01T18:32:51.000Z","Html.Layouts.NoLayout","77701620937673263","","","","",""
"a2CDR0000020ua72AA","0058c00000BxeO9AAJ","false","NoLayout","2024-08-26T17:21:48.000Z","0058c00000BxeO9AAJ","2025-10-01T18:32:51.000Z","0058c00000BxeO9AAJ","2025-10-01T18:32:51.000Z","Html.Layouts.NoLayout","71571620937673264","","","","",""
"a2CDR0000020ua82AA","0058c00000BxeO9AAJ","false","NoLayout","2024-08-26T17:21:49.000Z","0058c00000BxeO9AAJ","2025-10-01T18:32:51.000Z","0058c00000BxeO9AAJ","2025-10-01T18:32:51.000Z","Html.Layouts.NoLayout","42732228977389745","","","","",""
"a2CDR0000020ua92AA","0058c00000BxeO9AAJ","false","NoLayout","2024-08-26T17:21:49.000Z","0058c00000BxeO9AAJ","2025-10-01T18:32:51.000Z","0058c00000BxeO9AAJ","2025-10-01T18:32:51.000Z","Html.Layouts.NoLayout","76911619447516419","","","","",""
"a2CDR0000020uaA2AQ","0058c00000BxeO9AAJ","false","TableLayout","2024-08-26T17:21:49.000Z","0058c00000BxeO9AAJ","2025-10-01T18:32:51.000Z","0058c00000BxeO9AAJ","2025-10-01T18:32:51.000Z","Html.Layouts.TableLayout","01681619447516419","","","","",""
"a2CDR0000020uaB2AQ","0058c00000BxeO9AAJ","false","TableLayout","2024-08-26T17:21:49.000Z","0058c00000BxeO9AAJ","2025-10-01T18:32:51.000Z","0058c00000BxeO9AAJ","2025-10-01T18:32:51.000Z","Html.Layouts.TableLayout","43191619447516421","","","","",""
"a2CDR0000020uaC2AQ","0058c00000BxeO9AAJ","false","TableLayout","2024-08-26T17:21:49.000Z","0058c00000BxeO9AAJ","2025-10-01T18:32:51.000Z","0058c00000BxeO9AAJ","2025-10-01T18:32:51.000Z","Html.Layouts.TableLayout","80361619447516421","","","","",""
"a2CDR0000020uaD2AQ","0058c00000BxeO9AAJ","false","TableLayout","2024-08-26T17:21:49.000Z","0058c00000BxeO9AAJ","2025-10-01T18:32:51.000Z","0058c00000BxeO9AAJ","2025-10-01T18:32:51.000Z","Html.Layouts.TableLayout","42514990913701727","","","","",""
"a2CDR0000020uaE2AQ","0058c00000BxeO9AAJ","false","TableLayout","2024-08-26T17:21:49.000Z","0058c00000BxeO9AAJ","2025-10-01T18:32:51.000Z","0058c00000BxeO9AAJ","2025-10-01T18:32:51.000Z","Html.Layouts.TableLayout","42796358122225080","","","","",""
"a2CDR0000020uaF2AQ","0058c00000BxeO9AAJ","false","TableLayout","2024-08-26T17:21:49.000Z","0058c00000BxeO9AAJ","2025-10-01T18:32:51.000Z","0058c00000BxeO9AAJ","2025-10-01T18:32:51.000Z","Html.Layouts.TableLayout","42090202400194308","","","","",""
"a2CDR0000020uaG2AQ","0058c00000BxeO9AAJ","false","NoLayout","2024-08-26T17:21:49.000Z","0058c00000BxeO9AAJ","2025-10-01T18:32:51.000Z","0058c00000BxeO9AAJ","2025-10-01T18:32:51.000Z","Html.Layouts.NoLayout","32101620937673259","","","","",""
"a2CDR0000020uaH2AQ","0058c00000BxeO9AAJ","false","TableLayout","2024-08-26T17:21:49.000Z","0058c00000BxeO9AAJ","2025-10-01T18:32:51.000Z","0058c00000BxeO9AAJ","2025-10-01T18:32:51.000Z","Html.Layouts.TableLayout","85131620937673262","","","","",""
"a2CDR0000020uaI2AQ","0058c00000BxeO9AAJ","false","TableLayout","2024-08-26T17:21:49.000Z","0058c00000BxeO9AAJ","2025-10-01T18:32:51.000Z","0058c00000BxeO9AAJ","2025-10-01T18:32:51.000Z","Html.Layouts.TableLayout","78041620937673263","","","","",""
"a2CDR0000020uaJ2AQ","0058c00000BxeO9AAJ","false","TableLayout","2024-08-26T17:21:49.000Z","0058c00000BxeO9AAJ","2025-10-01T18:32:51.000Z","0058c00000BxeO9AAJ","2025-10-01T18:32:51.000Z","Html.Layouts.TableLayout","45681620937673260","","","","",""
"a2CDR0000020uaK2AQ","0058c00000BxeO9AAJ","false","TableLayout","2024-08-26T17:21:49.000Z","0058c00000BxeO9AAJ","2025-10-01T18:32:51.000Z","0058c00000BxeO9AAJ","2025-10-01T18:32:51.000Z","Html.Layouts.TableLayout","04431620937673263","","","","",""
"a2CDR0000020uaL2AQ","0058c00000BxeO9AAJ","false","TableLayout","2024-08-26T17:21:49.000Z","0058c00000BxeO9AAJ","2025-10-01T18:32:51.000Z","0058c00000BxeO9AAJ","2025-10-01T18:32:51.000Z","Html.Layouts.TableLayout","19081620937673264","","","","",""
"a2CDR0000020uaM2AQ","0058c00000BxeO9AAJ","false","TableLayout","2024-08-26T17:21:49.000Z","0058c00000BxeO9AAJ","2025-10-01T18:32:51.000Z","0058c00000BxeO9AAJ","2025-10-01T18:32:51.000Z","Html.Layouts.TableLayout","42421154402520859","","","","",""
"a2CDR0000020uaN2AQ","0058c00000BxeO9AAJ","false","TableLayout","2024-08-26T17:21:49.000Z","0058c00000BxeO9AAJ","2025-10-01T18:32:51.000Z","0058c00000BxeO9AAJ","2025-10-01T18:32:51.000Z","Html.Layouts.TableLayout","42274534996495520","","","","",""
"a2CDR0000020uaO2AQ","0058c00000BxeO9AAJ","false","SingleColumnGrid","2024-08-26T17:21:49.000Z","0058c00000BxeO9AAJ","2025-10-01T18:32:51.000Z","0058c00000BxeO9AAJ","2025-10-01T18:32:51.000Z","Html.Layouts.SingleColumnGrid","33721619447516419","","","","",""
"a2CDR0000020uaP2AQ","0058c00000BxeO9AAJ","false","SingleColumnGrid","2024-08-26T17:21:49.000Z","0058c00000BxeO9AAJ","2025-10-01T18:32:51.000Z","0058c00000BxeO9AAJ","2025-10-01T18:32:51.000Z","Html.Layouts.SingleColumnGrid","12551620937673259","","","","",""
"a2CDR0000020ul92AA","0058c00000BxeO9AAJ","false","NoLayout","2024-08-26T17:21:51.000Z","0058c00000BxeO9AAJ","2025-10-01T18:32:52.000Z","0058c00000BxeO9AAJ","2025-10-01T18:32:52.000Z","Html.Layouts.NoLayout","42781659256906018","","","","",""
"a2CDR0000020ulA2AQ","0058c00000BxeO9AAJ","false","NoLayout","2024-08-26T17:21:51.000Z","0058c00000BxeO9AAJ","2025-10-01T18:32:52.000Z","0058c00000BxeO9AAJ","2025-10-01T18:32:52.000Z","Html.Layouts.NoLayout","42231249819938106","","","","",""
"a2CDR0000020ulB2AQ","0058c00000BxeO9AAJ","false","TableLayout","2024-08-26T17:21:51.000Z","0058c00000BxeO9AAJ","2025-10-01T18:32:52.000Z","0058c00000BxeO9AAJ","2025-10-01T18:32:52.000Z","Html.Layouts.TableLayout","42626138849107981","","","","",""
"a2CDR0000020ulC2AQ","0058c00000BxeO9AAJ","false","NoLayout","2024-08-26T17:21:51.000Z","0058c00000BxeO9AAJ","2025-10-01T18:32:52.000Z","0058c00000BxeO9AAJ","2025-10-01T18:32:52.000Z","Html.Layouts.NoLayout","42158968815928796","","","","",""
"a2CDR0000020ulD2AQ","0058c00000BxeO9AAJ","false","TwoColumnGrid","2024-08-26T17:21:51.000Z","0058c00000BxeO9AAJ","2025-10-01T18:32:52.000Z","0058c00000BxeO9AAJ","2025-10-01T18:32:52.000Z","Html.Layouts.TwoColumnGrid","42850165746207169","","","","",""
"a2CDR0000020ulE2AQ","0058c00000BxeO9AAJ","false","TableLayout","2024-08-26T17:21:51.000Z","0058c00000BxeO9AAJ","2025-10-01T18:32:52.000Z","0058c00000BxeO9AAJ","2025-10-01T18:32:52.000Z","Html.Layouts.TableLayout","42391876653704558","","","","",""
"a2CDR0000020ulF2AQ","0058c00000BxeO9AAJ","false","NoLayout","2024-08-26T17:21:51.000Z","0058c00000BxeO9AAJ","2025-10-01T18:32:52.000Z","0058c00000BxeO9AAJ","2025-10-01T18:32:52.000Z","Html.Layouts.NoLayout","42307955451120790","","","","",""
"a2CDR0000020ulG2AQ","0058c00000BxeO9AAJ","false","NoLayout","2024-08-26T17:21:51.000Z","0058c00000BxeO9AAJ","2025-10-01T18:32:52.000Z","0058c00000BxeO9AAJ","2025-10-01T18:32:52.000Z","Html.Layouts.NoLayout","42827050442053982","","","","",""
"a2CDR0000020ulH2AQ","0058c00000BxeO9AAJ","false","SingleColumnGrid","2024-08-26T17:21:51.000Z","0058c00000BxeO9AAJ","2025-10-01T18:32:52.000Z","0058c00000BxeO9AAJ","2025-10-01T18:32:52.000Z","Html.Layouts.SingleColumnGrid","42604206855771905","","","","",""
"a2CDR0000020ulI2AQ","0058c00000BxeO9AAJ","false","NoLayout","2024-08-26T17:21:51.000Z","0058c00000BxeO9AAJ","2025-10-01T18:32:52.000Z","0058c00000BxeO9AAJ","2025-10-01T18:32:52.000Z","Html.Layouts.NoLayout","42462168007630294","","","","",""
"a2CDR0000020ulJ2AQ","0058c00000BxeO9AAJ","false","TableLayout","2024-08-26T17:21:51.000Z","0058c00000BxeO9AAJ","2025-10-01T18:32:52.000Z","0058c00000BxeO9AAJ","2025-10-01T18:32:52.000Z","Html.Layouts.TableLayout","42105134890155912","","","","",""
"a2CDR0000020ulv2AA","0058c00000BxeO9AAJ","false","TwoColumnGrid","2024-08-26T17:21:51.000Z","0058c00000BxeO9AAJ","2025-10-01T18:32:52.000Z","0058c00000BxeO9AAJ","2025-10-01T18:32:52.000Z","Html.Layouts.TwoColumnGrid","42194119301197215","","","","",""
"a2CDR0000020ulw2AA","0058c00000BxeO9AAJ","false","NoLayout","2024-08-26T17:21:51.000Z","0058c00000BxeO9AAJ","2025-10-01T18:32:52.000Z","0058c00000BxeO9AAJ","2025-10-01T18:32:52.000Z","Html.Layouts.NoLayout","42416670953550255","","","","",""
"a2CDR0000020ulx2AA","0058c00000BxeO9AAJ","false","TableLayout","2024-08-26T17:21:51.000Z","0058c00000BxeO9AAJ","2025-10-01T18:32:52.000Z","0058c00000BxeO9AAJ","2025-10-01T18:32:52.000Z","Html.Layouts.TableLayout","42924366715229851","","","","",""
"a2CDR0000020uly2AA","0058c00000BxeO9AAJ","false","TwoColumnGrid","2024-08-26T17:21:51.000Z","0058c00000BxeO9AAJ","2025-10-01T18:32:52.000Z","0058c00000BxeO9AAJ","2025-10-01T18:32:52.000Z","Html.Layouts.TwoColumnGrid","42168663986795115","","","","",""
"a2CDR0000020umv2AA","0058c00000BxeO9AAJ","false","NoLayout","2024-08-26T17:21:52.000Z","0058c00000BxeO9AAJ","2025-10-01T18:32:52.000Z","0058c00000BxeO9AAJ","2025-10-01T18:32:52.000Z","Html.Layouts.NoLayout","42352276582142462","","","","",""
"a2CDR0000020umw2AA","0058c00000BxeO9AAJ","false","NoLayout","2024-08-26T17:21:52.000Z","0058c00000BxeO9AAJ","2025-10-01T18:32:52.000Z","0058c00000BxeO9AAJ","2025-10-01T18:32:52.000Z","Html.Layouts.NoLayout","42892781429225809","","","","",""
"a2CDR0000020umx2AA","0058c00000BxeO9AAJ","false","TableLayout","2024-08-26T17:21:52.000Z","0058c00000BxeO9AAJ","2025-10-01T18:32:52.000Z","0058c00000BxeO9AAJ","2025-10-01T18:32:52.000Z","Html.Layouts.TableLayout","42425443208536181","","","","",""
"a2CDR0000020umy2AA","0058c00000BxeO9AAJ","false","TwoColumnGrid","2024-08-26T17:21:52.000Z","0058c00000BxeO9AAJ","2025-10-01T18:32:52.000Z","0058c00000BxeO9AAJ","2025-10-01T18:32:52.000Z","Html.Layouts.TwoColumnGrid","42207337910070284","","","","",""
"a2CDR0000020umz2AA","0058c00000BxeO9AAJ","false","TwoColumnGrid","2024-08-26T17:21:52.000Z","0058c00000BxeO9AAJ","2025-10-01T18:32:52.000Z","0058c00000BxeO9AAJ","2025-10-01T18:32:52.000Z","Html.Layouts.TwoColumnGrid","42638527111102055","","","","",""
"a2CDR0000020uoy2AA","0058c00000BxeO9AAJ","false","NoLayout","2024-08-26T17:21:52.000Z","0058c00000BxeO9AAJ","2025-10-01T18:32:53.000Z","0058c00000BxeO9AAJ","2025-10-01T18:32:53.000Z","Html.Layouts.NoLayout","42648806013717878","","","","",""
"a2CDR0000020uoz2AA","0058c00000BxeO9AAJ","false","TwoColumnGrid","2024-08-26T17:21:52.000Z","0058c00000BxeO9AAJ","2025-10-01T18:32:53.000Z","0058c00000BxeO9AAJ","2025-10-01T18:32:53.000Z","Html.Layouts.TwoColumnGrid","42111047600717407","","","","",""
"a2CDR0000020up02AA","0058c00000BxeO9AAJ","false","TwoColumnGrid","2024-08-26T17:21:52.000Z","0058c00000BxeO9AAJ","2025-10-01T18:32:53.000Z","0058c00000BxeO9AAJ","2025-10-01T18:32:53.000Z","Html.Layouts.TwoColumnGrid","42623081306678578","","","","",""
"a2CDR0000020up12AA","0058c00000BxeO9AAJ","false","TwoColumnGrid","2024-08-26T17:21:52.000Z","0058c00000BxeO9AAJ","2025-10-01T18:32:53.000Z","0058c00000BxeO9AAJ","2025-10-01T18:32:53.000Z","Html.Layouts.TwoColumnGrid","14431560278867960","","","","",""
"a2CDR0000020up22AA","0058c00000BxeO9AAJ","false","NoLayout","2024-08-26T17:21:52.000Z","0058c00000BxeO9AAJ","2025-10-01T18:32:53.000Z","0058c00000BxeO9AAJ","2025-10-01T18:32:53.000Z","Html.Layouts.NoLayout","88191560278867959","","","","",""
"a2CDR0000020up32AA","0058c00000BxeO9AAJ","false","NoLayout","2024-08-26T17:21:52.000Z","0058c00000BxeO9AAJ","2025-10-01T18:32:53.000Z","0058c00000BxeO9AAJ","2025-10-01T18:32:53.000Z","Html.Layouts.NoLayout","23381560278867959","","","","",""
"a2CDR0000020up42AA","0058c00000BxeO9AAJ","false","SingleColumnGrid","2024-08-26T17:21:52.000Z","0058c00000BxeO9AAJ","2025-10-01T18:32:53.000Z","0058c00000BxeO9AAJ","2025-10-01T18:32:53.000Z","Html.Layouts.SingleColumnGrid","43881560278867960","","","","",""
"a2CDR0000020upd2AA","0058c00000BxeO9AAJ","false","NoLayout","2024-08-26T17:21:53.000Z","0058c00000BxeO9AAJ","2025-10-01T18:32:53.000Z","0058c00000BxeO9AAJ","2025-10-01T18:32:53.000Z","Html.Layouts.NoLayout","42750215167293706","","","","",""
"a2CDR0000020upe2AA","0058c00000BxeO9AAJ","false","NoLayout","2024-08-26T17:21:53.000Z","0058c00000BxeO9AAJ","2025-10-01T18:32:53.000Z","0058c00000BxeO9AAJ","2025-10-01T18:32:53.000Z","Html.Layouts.NoLayout","72061562008947708","","","","",""
"a2CDR0000020upf2AA","0058c00000BxeO9AAJ","false","TwoColumnGrid","2024-08-26T17:21:53.000Z","0058c00000BxeO9AAJ","2025-10-01T18:32:53.000Z","0058c00000BxeO9AAJ","2025-10-01T18:32:53.000Z","Html.Layouts.TwoColumnGrid","53551562008947708","","","","",""
"a2CDR0000020uqG2AQ","0058c00000BxeO9AAJ","false","TwoColumnGrid","2024-08-26T17:21:53.000Z","0058c00000BxeO9AAJ","2025-10-01T18:32:53.000Z","0058c00000BxeO9AAJ","2025-10-01T18:32:53.000Z","Html.Layouts.TwoColumnGrid","42036523911362091","","","","",""
"a2CDR0000020uqH2AQ","0058c00000BxeO9AAJ","false","TableLayout","2024-08-26T17:21:53.000Z","0058c00000BxeO9AAJ","2025-10-01T18:32:53.000Z","0058c00000BxeO9AAJ","2025-10-01T18:32:53.000Z","Html.Layouts.TableLayout","87851567002572493","","","","",""
"a2CDR0000020uqI2AQ","0058c00000BxeO9AAJ","false","TableLayout","2024-08-26T17:21:53.000Z","0058c00000BxeO9AAJ","2025-10-01T18:32:53.000Z","0058c00000BxeO9AAJ","2025-10-01T18:32:53.000Z","Html.Layouts.TableLayout","80081567002572493","","","","",""
"a2CDR0000020uqJ2AQ","0058c00000BxeO9AAJ","false","TableLayout","2024-08-26T17:21:53.000Z","0058c00000BxeO9AAJ","2025-10-01T18:32:53.000Z","0058c00000BxeO9AAJ","2025-10-01T18:32:53.000Z","Html.Layouts.TableLayout","16941567002572494","","","","",""
"a2CDR0000020uqK2AQ","0058c00000BxeO9AAJ","false","NoLayout","2024-08-26T17:21:53.000Z","0058c00000BxeO9AAJ","2025-10-01T18:32:53.000Z","0058c00000BxeO9AAJ","2025-10-01T18:32:53.000Z","Html.Layouts.NoLayout","42459547103480938","","","","",""
"a2CDR0000020uqL2AQ","0058c00000BxeO9AAJ","false","NoLayout","2024-08-26T17:21:53.000Z","0058c00000BxeO9AAJ","2025-10-01T18:32:53.000Z","0058c00000BxeO9AAJ","2025-10-01T18:32:53.000Z","Html.Layouts.NoLayout","42281917907252354","","","","",""
"a2CDR0000020uqM2AQ","0058c00000BxeO9AAJ","false","TwoColumnGrid","2024-08-26T17:21:53.000Z","0058c00000BxeO9AAJ","2025-10-01T18:32:53.000Z","0058c00000BxeO9AAJ","2025-10-01T18:32:53.000Z","Html.Layouts.TwoColumnGrid","42418177285209227","","","","",""
"a2CDR0000020uqN2AQ","0058c00000BxeO9AAJ","false","TwoColumnGrid","2024-08-26T17:21:53.000Z","0058c00000BxeO9AAJ","2025-10-01T18:32:53.000Z","0058c00000BxeO9AAJ","2025-10-01T18:32:53.000Z","Html.Layouts.TwoColumnGrid","42666605161288911","","","","",""
"a2CDR0000020uqO2AQ","0058c00000BxeO9AAJ","false","TwoColumnGrid","2024-08-26T17:21:53.000Z","0058c00000BxeO9AAJ","2025-10-01T18:32:53.000Z","0058c00000BxeO9AAJ","2025-10-01T18:32:53.000Z","Html.Layouts.TwoColumnGrid","42320768730763850","","","","",""
"a2CDR0000020uqP2AQ","0058c00000BxeO9AAJ","false","TableLayout","2024-08-26T17:21:53.000Z","0058c00000BxeO9AAJ","2025-10-01T18:32:53.000Z","0058c00000BxeO9AAJ","2025-10-01T18:32:53.000Z","Html.Layouts.TableLayout","42914029967103415","","","","",""
"a2CDR0000020uqQ2AQ","0058c00000BxeO9AAJ","false","TableLayout","2024-08-26T17:21:53.000Z","0058c00000BxeO9AAJ","2025-10-01T18:32:53.000Z","0058c00000BxeO9AAJ","2025-10-01T18:32:53.000Z","Html.Layouts.TableLayout","42008310052836603","","","","",""
"a2CDR0000020uqz2AA","0058c00000BxeO9AAJ","false","TwoColumnGrid","2024-08-26T17:21:53.000Z","0058c00000BxeO9AAJ","2025-10-01T18:32:53.000Z","0058c00000BxeO9AAJ","2025-10-01T18:32:53.000Z","Html.Layouts.TwoColumnGrid","42771303619685748","","","","",""
"a2CDR0000020ur02AA","0058c00000BxeO9AAJ","false","NoLayout","2024-08-26T17:21:53.000Z","0058c00000BxeO9AAJ","2025-10-01T18:32:53.000Z","0058c00000BxeO9AAJ","2025-10-01T18:32:53.000Z","Html.Layouts.NoLayout","42908910678340000","","","","",""
"a2CDR0000020ur32AA","0058c00000BxeO9AAJ","false","TableLayout","2024-08-26T17:21:53.000Z","0058c00000BxeO9AAJ","2025-10-01T18:32:53.000Z","0058c00000BxeO9AAJ","2025-10-01T18:32:53.000Z","Html.Layouts.TableLayout","423805189214134860","","","","",""
"a2CDR0000020ur42AA","0058c00000BxeO9AAJ","false","TableLayout","2024-08-26T17:21:53.000Z","0058c00000BxeO9AAJ","2025-10-01T18:32:53.000Z","0058c00000BxeO9AAJ","2025-10-01T18:32:53.000Z","Html.Layouts.TableLayout","423805189214134861","","","","",""
"a2CDR0000020ur52AA","0058c00000BxeO9AAJ","false","TableLayout","2024-08-26T17:21:53.000Z","0058c00000BxeO9AAJ","2025-10-01T18:32:53.000Z","0058c00000BxeO9AAJ","2025-10-01T18:32:53.000Z","Html.Layouts.TableLayout","423805189214134862","","","","",""
"a2CDR0000020urE2AQ","0058c00000BxeO9AAJ","false","TwoColumnGrid","2024-08-26T17:21:53.000Z","0058c00000BxeO9AAJ","2025-10-01T18:32:53.000Z","0058c00000BxeO9AAJ","2025-10-01T18:32:53.000Z","Html.Layouts.TwoColumnGrid","42236575597281130","","","","",""
"a2CDR0000020urj2AA","0058c00000BxeO9AAJ","false","TwoColumnGrid","2024-08-26T17:21:53.000Z","0058c00000BxeO9AAJ","2025-10-01T18:32:53.000Z","0058c00000BxeO9AAJ","2025-10-01T18:32:53.000Z","Html.Layouts.TwoColumnGrid","42693364340854134","","","","",""
"a2CDR0000020urk2AA","0058c00000BxeO9AAJ","false","TwoColumnGrid","2024-08-26T17:21:53.000Z","0058c00000BxeO9AAJ","2025-10-01T18:32:53.000Z","0058c00000BxeO9AAJ","2025-10-01T18:32:53.000Z","Html.Layouts.TwoColumnGrid","42224690031248780","","","","",""
"a2CDR0000020url2AA","0058c00000BxeO9AAJ","false","TwoColumnGrid","2024-08-26T17:21:53.000Z","0058c00000BxeO9AAJ","2025-10-01T18:32:53.000Z","0058c00000BxeO9AAJ","2025-10-01T18:32:53.000Z","Html.Layouts.TwoColumnGrid","42635208571032064","","","","",""
"a2CDR0000020urm2AA","0058c00000BxeO9AAJ","false","TwoColumnGrid","2024-08-26T17:21:53.000Z","0058c00000BxeO9AAJ","2025-10-01T18:32:53.000Z","0058c00000BxeO9AAJ","2025-10-01T18:32:53.000Z","Html.Layouts.TwoColumnGrid","42304620396920647","","","","",""
"a2CDR0000020urp2AA","0058c00000BxeO9AAJ","false","TwoColumnGrid","2024-08-26T17:21:53.000Z","0058c00000BxeO9AAJ","2025-10-01T18:32:53.000Z","0058c00000BxeO9AAJ","2025-10-01T18:32:53.000Z","Html.Layouts.TwoColumnGrid","42332310368014825","","","","",""
"a2CDR0000020urq2AA","0058c00000BxeO9AAJ","false","TwoColumnGrid","2024-08-26T17:21:53.000Z","0058c00000BxeO9AAJ","2025-10-01T18:32:53.000Z","0058c00000BxeO9AAJ","2025-10-01T18:32:53.000Z","Html.Layouts.TwoColumnGrid","42146492712301673","","","","",""
"a2CDR0000020urr2AA","0058c00000BxeO9AAJ","false","NoLayout","2024-08-26T17:21:53.000Z","0058c00000BxeO9AAJ","2025-10-01T18:32:53.000Z","0058c00000BxeO9AAJ","2025-10-01T18:32:53.000Z","Html.Layouts.NoLayout","42169342725117281","","","","",""
"a2CDR0000020urs2AA","0058c00000BxeO9AAJ","false","TableLayout","2024-08-26T17:21:53.000Z","0058c00000BxeO9AAJ","2025-10-01T18:32:53.000Z","0058c00000BxeO9AAJ","2025-10-01T18:32:53.000Z","Html.Layouts.TableLayout","42620365532126681","","","","",""
"a2CDR0000020urt2AA","0058c00000BxeO9AAJ","false","TwoColumnGrid","2024-08-26T17:21:53.000Z","0058c00000BxeO9AAJ","2025-10-01T18:32:53.000Z","0058c00000BxeO9AAJ","2025-10-01T18:32:53.000Z","Html.Layouts.TwoColumnGrid","42519078222946588","","","","",""
"a2CDR0000020uru2AA","0058c00000BxeO9AAJ","false","TwoColumnGrid","2024-08-26T17:21:53.000Z","0058c00000BxeO9AAJ","2025-10-01T18:32:53.000Z","0058c00000BxeO9AAJ","2025-10-01T18:32:53.000Z","Html.Layouts.TwoColumnGrid","42900817578682316","","","","",""
"a2CDR0000020urv2AA","0058c00000BxeO9AAJ","false","TwoColumnGrid","2024-08-26T17:21:53.000Z","0058c00000BxeO9AAJ","2025-10-01T18:32:53.000Z","0058c00000BxeO9AAJ","2025-10-01T18:32:53.000Z","Html.Layouts.TwoColumnGrid","42847769287868252","","","","",""
"a2CDR0000020urw2AA","0058c00000BxeO9AAJ","false","TwoColumnGrid","2024-08-26T17:21:53.000Z","0058c00000BxeO9AAJ","2025-10-01T18:32:53.000Z","0058c00000BxeO9AAJ","2025-10-01T18:32:53.000Z","Html.Layouts.TwoColumnGrid","42669823203539594","","","","",""
"a2CDR0000020urx2AA","0058c00000BxeO9AAJ","false","NoLayout","2024-08-26T17:21:53.000Z","0058c00000BxeO9AAJ","2025-10-01T18:32:53.000Z","0058c00000BxeO9AAJ","2025-10-01T18:32:53.000Z","Html.Layouts.NoLayout","42384311201975589","","","","",""
"a2CDR0000020ury2AA","0058c00000BxeO9AAJ","false","TableLayout","2024-08-26T17:21:53.000Z","0058c00000BxeO9AAJ","2025-10-01T18:32:53.000Z","0058c00000BxeO9AAJ","2025-10-01T18:32:53.000Z","Html.Layouts.TableLayout","42531362879136297","","","","",""
"a2CDR0000020v0Z2AQ","0058c00000BxeO9AAJ","false","SingleColumnGrid","2024-08-26T17:21:55.000Z","0058c00000BxeO9AAJ","2025-10-01T18:32:54.000Z","0058c00000BxeO9AAJ","2025-10-01T18:32:54.000Z","Html.Layouts.SingleColumnGrid","42155287884782119","","","","",""
"a2CDR0000020v0a2AA","0058c00000BxeO9AAJ","false","TwoColumnGrid","2024-08-26T17:21:55.000Z","0058c00000BxeO9AAJ","2025-10-01T18:32:54.000Z","0058c00000BxeO9AAJ","2025-10-01T18:32:54.000Z","Html.Layouts.TwoColumnGrid","42864778645499593","","","","",""
"a2CDR0000020v0b2AA","0058c00000BxeO9AAJ","false","TwoColumnGrid","2024-08-26T17:21:55.000Z","0058c00000BxeO9AAJ","2025-10-01T18:32:54.000Z","0058c00000BxeO9AAJ","2025-10-01T18:32:54.000Z","Html.Layouts.TwoColumnGrid","42129491342124009","","","","",""
"a2CDR0000020v0c2AA","0058c00000BxeO9AAJ","false","TwoColumnGrid","2024-08-26T17:21:55.000Z","0058c00000BxeO9AAJ","2025-10-01T18:32:54.000Z","0058c00000BxeO9AAJ","2025-10-01T18:32:54.000Z","Html.Layouts.TwoColumnGrid","42396061595563514","","","","",""
"a2CDR0000020v0d2AA","0058c00000BxeO9AAJ","false","TwoColumnGrid","2024-08-26T17:21:55.000Z","0058c00000BxeO9AAJ","2025-10-01T18:32:54.000Z","0058c00000BxeO9AAJ","2025-10-01T18:32:54.000Z","Html.Layouts.TwoColumnGrid","42534691465227395","","","","",""
"a2CDR0000020v0o2AA","0058c00000BxeO9AAJ","false","TwoColumnGrid","2024-08-26T17:21:55.000Z","0058c00000BxeO9AAJ","2025-10-01T18:32:54.000Z","0058c00000BxeO9AAJ","2025-10-01T18:32:54.000Z","Html.Layouts.TwoColumnGrid","42685664308372865","","","","",""
"a2CDR0000020v0q2AA","0058c00000BxeO9AAJ","false","TwoColumnGrid","2024-08-26T17:21:55.000Z","0058c00000BxeO9AAJ","2025-10-01T18:32:54.000Z","0058c00000BxeO9AAJ","2025-10-01T18:32:54.000Z","Html.Layouts.TwoColumnGrid","42337239588160559","","","","",""
"a2CDR0000020v7q2AA","0058c00000BxeO9AAJ","false","SingleColumnGrid","2024-08-26T17:21:57.000Z","0058c00000BxeO9AAJ","2025-10-01T18:32:54.000Z","0058c00000BxeO9AAJ","2025-10-01T18:32:54.000Z","Html.Layouts.SingleColumnGrid","42773941180182647","","","","",""
"a2CDR0000020v7r2AA","0058c00000BxeO9AAJ","false","SingleColumnGrid","2024-08-26T17:21:57.000Z","0058c00000BxeO9AAJ","2025-10-01T18:32:54.000Z","0058c00000BxeO9AAJ","2025-10-01T18:32:54.000Z","Html.Layouts.SingleColumnGrid","42506614757794195","","","","",""
"a2CDR0000020v7s2AA","0058c00000BxeO9AAJ","false","TwoColumnGrid","2024-08-26T17:21:57.000Z","0058c00000BxeO9AAJ","2025-10-01T18:32:54.000Z","0058c00000BxeO9AAJ","2025-10-01T18:32:54.000Z","Html.Layouts.TwoColumnGrid","42953705509884091","","","","",""
"a2CDR0000020v8I2AQ","0058c00000BxeO9AAJ","false","TwoColumnGrid","2024-08-26T17:21:58.000Z","0058c00000BxeO9AAJ","2025-10-01T18:32:55.000Z","0058c00000BxeO9AAJ","2025-10-01T18:32:55.000Z","Html.Layouts.TwoColumnGrid","42871331299078687","","","","",""
"a2CDR0000020v8J2AQ","0058c00000BxeO9AAJ","false","TwoColumnGrid","2024-08-26T17:21:58.000Z","0058c00000BxeO9AAJ","2025-10-01T18:32:55.000Z","0058c00000BxeO9AAJ","2025-10-01T18:32:55.000Z","Html.Layouts.TwoColumnGrid","42472819914221310","","","","",""
"a2CDR0000020v8i2AA","0058c00000BxeO9AAJ","false","TwoColumnGrid","2024-08-26T17:21:58.000Z","0058c00000BxeO9AAJ","2025-10-01T18:32:55.000Z","0058c00000BxeO9AAJ","2025-10-01T18:32:55.000Z","Html.Layouts.TwoColumnGrid","42326801912139728","","","","",""
"a2CDR0000020vZD2AY","0058c00000BxeO9AAJ","false","NoLayout","2024-08-20T17:51:11.000Z","0058c00000BxeO9AAJ","2025-09-25T21:15:22.000Z","0058c00000BxeO9AAJ","2025-09-25T21:15:22.000Z","Html.Layouts.NoLayout","42414407031940912","","","","",""
"a2CDR0000020vZE2AY","0058c00000BxeO9AAJ","false","TableLayout","2024-08-20T17:51:11.000Z","0058c00000BxeO9AAJ","2025-09-25T21:15:22.000Z","0058c00000BxeO9AAJ","2025-09-25T21:15:22.000Z","Html.Layouts.TableLayout","42791164248946865","","","","",""
